blueprintTypeID,activity,typeID,quantity
681,0,165,1
682,0,166,1
683,4,39581,1
683,0,582,1
684,4,11177,1
684,4,11179,1
684,0,583,1
685,4,11195,1
685,0,584,1
686,4,11986,1
686,0,620,1
687,4,11994,1
687,0,621,1
688,4,28711,1
688,0,638,1
689,4,11197,1
689,4,11199,1
689,0,585,1
690,4,11183,1
690,0,586,1
691,4,11372,1
691,4,11401,1
691,0,587,1
692,4,12000,1
692,0,622,1
693,4,28666,1
693,0,639,1
784,0,482,1
785,4,784,10
785,0,483,1
786,4,2405,10
786,0,499,1
788,4,2411,10
788,0,501,1
790,4,2421,10
790,0,503,1
803,4,24536,10
803,4,24540,10
803,0,202,100
804,4,24534,10
804,4,24542,10
804,0,203,100
805,4,2622,10
805,4,2638,10
805,0,204,100
806,4,24532,10
806,4,24538,10
806,0,205,100
807,4,2656,10
807,4,24508,10
807,0,206,100
808,4,24510,10
808,4,24518,10
808,0,207,100
809,4,24512,10
809,4,24516,10
809,0,208,100
810,4,2630,10
810,4,24514,10
810,0,209,100
811,4,24496,10
811,4,24502,10
811,0,210,100
812,4,2648,10
812,4,24500,10
812,0,211,100
813,4,2614,10
813,4,24506,10
813,0,212,100
814,4,24498,10
814,4,24504,10
814,0,213,100
819,4,2874,10
819,0,484,1
820,4,16032,10
820,0,485,1
821,4,2890,10
821,0,486,1
822,4,2906,10
822,0,487,1
823,4,2978,10
823,0,488,1
824,4,2938,10
824,0,489,1
825,4,2898,10
825,0,490,1
826,4,2914,10
826,0,491,1
827,4,2922,10
827,0,492,1
828,4,2970,10
828,0,493,1
829,4,2946,10
829,0,494,1
830,4,2954,10
830,0,495,1
831,4,16029,10
831,0,496,1
832,4,2866,10
832,0,497,1
833,4,2962,10
833,0,498,1
834,4,3018,10
834,0,450,1
835,4,3002,10
835,0,451,1
836,4,2994,10
836,0,452,1
837,4,3042,10
837,0,453,1
838,4,3034,10
838,0,454,1
839,4,3286,10
839,0,455,1
840,4,3513,10
840,0,456,1
841,4,3010,10
841,0,457,1
842,4,3521,10
842,0,458,1
843,4,3026,10
843,0,459,1
844,4,4148,10
844,0,460,1
845,4,2986,10
845,0,461,1
846,4,3058,10
846,0,462,1
847,4,3050,10
847,0,463,1
848,4,3066,10
848,0,464,1
879,4,12634,10
879,0,178,100
880,4,12626,10
880,0,179,100
881,0,180,100
882,4,12609,10
882,0,181,100
883,4,12632,10
883,0,182,100
884,0,183,100
885,0,184,100
886,0,185,100
887,4,12772,10
887,0,186,100
888,4,12774,10
888,0,187,100
889,0,188,100
890,4,12778,10
890,0,189,100
891,4,12768,10
891,0,190,100
892,0,191,100
893,0,192,100
894,0,193,100
895,4,12766,10
895,0,194,100
896,4,12776,10
896,0,195,100
897,0,196,100
898,4,12780,10
898,0,197,100
899,4,12762,10
899,0,198,100
900,0,199,100
901,0,200,100
902,0,201,100
936,4,11185,1
936,4,11187,1
936,0,589,1
937,4,12041,1
937,4,39580,1
937,0,590,1
938,0,591,1
939,4,40301,1
939,0,592,1
940,4,11378,1
940,0,593,1
941,4,12043,1
941,4,12045,1
941,0,594,1
944,4,11366,1
944,4,11394,1
944,0,597,1
945,4,12035,1
945,0,598,1
946,4,40302,1
946,0,599,1
947,0,600,1
949,4,12031,1
949,0,602,1
950,4,11380,1
950,4,11382,1
950,0,603,1
952,4,11193,1
952,0,605,1
954,4,11173,1
954,0,607,1
955,4,11201,1
955,4,11203,1
955,0,608,1
956,4,11175,1
956,0,609,1
960,0,613,1
961,0,614,1
962,0,615,1
963,0,616,1
964,0,617,1
965,0,618,1
966,0,619,1
967,0,672,1
968,4,11996,1
968,4,12012,1
968,0,623,1
969,4,12018,1
969,4,12020,1
969,0,624,1
970,4,11988,1
970,0,625,1
971,4,12006,1
971,0,626,1
972,4,12022,1
972,4,12024,1
972,0,627,1
973,4,11966,1
973,4,20126,1
973,0,628,1
974,4,12014,1
974,4,12016,1
974,0,629,1
975,4,11962,1
975,4,11964,1
975,0,630,1
976,4,11979,1
976,0,631,1
977,4,11958,1
977,4,11960,1
977,0,632,1
978,4,11970,1
978,4,11972,1
978,0,633,1
979,4,11990,1
979,0,634,1
983,4,12730,1
983,0,648,1
984,4,12732,1
984,0,649,1
985,4,12744,1
985,0,650,1
986,0,651,1
987,4,12748,1
987,0,652,1
988,4,12736,1
988,0,653,1
989,0,654,1
990,4,12746,1
990,0,655,1
991,0,656,1
992,0,657,1
994,4,22437,1
994,0,640,1
995,4,28662,1
995,0,641,1
996,4,28660,1
996,0,642,1
997,4,22429,1
997,0,643,1
998,4,22441,1
998,0,644,1
999,4,22431,1
999,0,645,1
1002,0,671,1
1010,4,1013,10
1010,0,377,1
1013,0,380,1
1026,4,1027,10
1026,0,393,1
1027,0,394,1
1032,4,1033,10
1032,0,399,1
1033,0,400,1
1067,4,1073,10
1067,0,434,1
1071,0,438,1
1072,4,1071,10
1072,0,439,1
1073,0,440,1
1074,4,2039,10
1074,0,442,1
1075,4,1856,10
1075,0,443,1
1076,4,2334,10
1076,0,444,1
1079,4,1080,10
1079,0,447,1
1080,0,448,1
1095,0,519,1
1096,4,1095,10
1096,0,520,1
1099,4,1184,10
1099,0,523,1
1100,4,2356,10
1100,0,524,1
1102,4,1103,10
1102,0,526,1
1103,0,527,1
1105,4,1191,10
1105,0,529,1
1106,4,13002,10
1106,0,530,1
1109,4,13004,10
1109,0,533,1
1112,4,3099,10
1112,0,561,1
1113,4,3163,10
1113,0,562,1
1114,4,3171,10
1114,0,563,1
1115,4,3179,10
1115,0,564,1
1116,4,3075,10
1116,0,565,1
1117,4,3131,10
1117,0,566,1
1118,4,3107,10
1118,0,567,1
1119,4,3147,10
1119,0,568,1
1120,4,3139,10
1120,0,569,1
1121,4,3083,10
1121,0,570,1
1122,4,3123,10
1122,0,571,1
1123,4,3115,10
1123,0,572,1
1124,4,3187,10
1124,0,573,1
1125,4,3091,10
1125,0,574,1
1126,4,3155,10
1126,0,575,1
1128,4,2025,10
1128,0,577,1
1129,4,2282,10
1129,0,578,1
1130,0,215,100
1131,0,216,100
1132,4,12621,10
1132,0,217,100
1133,0,218,100
1134,4,12615,10
1134,0,219,100
1135,0,220,100
1136,4,12619,10
1136,0,221,100
1137,4,12613,10
1137,0,222,100
1138,0,223,100
1139,0,224,100
1140,4,12802,10
1140,0,225,100
1141,0,226,100
1142,4,12786,10
1142,0,227,100
1143,0,228,100
1144,4,12806,10
1144,0,229,100
1145,4,12790,10
1145,0,230,100
1146,0,231,100
1147,0,232,100
1148,4,12804,10
1148,0,233,100
1149,0,234,100
1150,4,12788,10
1150,0,235,100
1151,0,236,100
1152,4,12808,10
1152,0,237,100
1153,4,12792,10
1153,0,238,100
1154,4,12560,10
1154,0,239,1
1155,0,240,1
1156,0,241,1
1157,0,242,1
1158,4,12564,10
1158,0,243,1
1159,4,12566,10
1159,0,244,1
1160,0,245,1
1161,4,12558,10
1161,0,246,1
1162,4,12823,10
1162,0,247,1
1163,0,248,1
1164,0,249,1
1165,0,250,1
1166,4,12819,10
1166,0,251,1
1167,4,12815,10
1167,0,252,1
1168,0,253,1
1169,4,12827,10
1169,0,254,1
1170,4,12825,10
1170,0,255,1
1171,0,256,1
1172,0,257,1
1173,0,258,1
1174,4,12821,10
1174,0,259,1
1175,4,12817,10
1175,0,260,1
1176,0,261,1
1177,4,12829,10
1177,0,262,1
1178,0,263,10
1179,0,264,10
1184,0,1183,1
1186,4,3489,10
1186,0,1185,1
1191,0,1190,1
1196,4,2033,10
1196,0,1195,1
1204,4,1205,10
1204,0,1197,1
1205,0,1198,1
1208,4,1437,10
1208,0,1182,1
1210,4,2118,10
1210,0,580,1
1212,4,2342,10
1212,0,581,1
1214,4,2437,10
1214,0,1201,1
1216,0,269,100
1217,0,270,10
1218,0,1202,1
1220,4,24472,10
1220,4,24605,10
1220,0,266,100
1221,4,24522,10
1221,4,24530,10
1221,0,267,100
1237,0,1236,1
1245,4,1237,10
1245,0,1244,1
1247,4,1249,10
1247,0,1246,1
1249,0,1248,1
1255,4,1257,10
1255,0,1254,1
1257,0,1256,1
1265,4,1267,10
1265,0,1264,1
1267,0,1266,1
1275,4,1277,10
1275,0,1274,1
1277,0,1276,1
1285,4,1287,10
1285,0,1284,1
1287,0,1286,1
1295,4,1297,10
1295,0,1294,1
1297,0,1296,1
1305,4,1307,10
1305,0,1304,1
1307,0,1306,1
1318,4,1320,10
1318,0,1317,1
1320,0,1319,1
1334,4,1336,10
1334,0,1333,1
1336,0,1335,1
1354,4,1356,10
1354,0,1353,1
1356,0,1355,1
1404,4,1406,10
1404,0,1403,1
1406,0,1405,1
1423,0,1422,1
1437,0,1436,1
1446,4,1448,10
1446,0,1445,1
1448,0,1447,1
1540,4,1542,10
1540,0,1539,1
1542,0,1541,1
1548,4,1550,10
1548,0,1547,1
1550,0,1549,1
1552,4,1554,10
1552,0,1551,1
1554,0,1553,1
1558,4,1560,10
1558,0,1557,1
1560,0,1559,1
1564,4,1566,10
1564,0,1563,1
1566,0,1565,1
1809,4,2554,10
1809,0,1808,1
1811,0,1810,100
1815,0,1814,100
1817,0,1816,100
1819,0,1818,100
1821,0,1820,100
1823,0,1822,100
1825,0,1824,100
1827,0,1826,100
1829,0,1828,100
1831,0,1830,100
1833,0,1832,100
1856,0,1855,1
1876,4,1878,10
1876,0,1875,1
1878,0,1877,1
1945,4,12754,1
1945,0,1944,1
2007,4,12004,1
2007,0,2006,1
2019,4,3497,10
2019,0,2018,1
2021,4,3505,10
2021,0,2020,1
2023,4,3473,10
2023,0,2022,1
2025,0,2024,1
2033,0,2032,1
2039,0,2038,1
2047,4,2049,10
2047,0,2046,1
2049,0,2048,1
2118,0,2117,1
2162,4,11191,1
2162,0,2161,1
2174,4,2176,10
2174,0,2173,1
2176,0,2175,1
2179,0,2165,100
2184,4,2186,10
2184,0,2183,1
2186,0,2185,1
2194,4,2196,10
2194,0,2193,1
2196,0,2195,1
2204,4,2206,10
2204,0,2203,1
2206,0,2205,1
2211,0,2210,100
2213,0,2212,100
2282,0,2281,1
2290,4,2298,10
2290,0,2289,1
2292,4,2300,10
2292,0,2291,1
2294,4,2302,10
2294,0,2293,1
2296,4,2304,10
2296,0,2295,1
2298,0,2297,1
2300,0,2299,1
2302,0,2301,1
2304,0,2303,1
2332,4,1423,10
2332,0,2331,1
2334,0,2333,1
2342,0,2341,1
2356,0,2355,1
2405,0,2404,1
2411,0,2410,1
2421,0,2420,1
2437,0,2436,1
2445,4,2447,10
2445,0,2444,1
2447,0,2446,1
2455,4,2457,10
2455,0,2454,1
2457,0,2456,1
2465,4,2467,10
2465,0,2464,1
2467,0,2466,1
2477,4,2479,10
2477,0,2476,1
2479,0,2478,1
2487,4,2489,10
2487,0,2486,1
2489,0,2488,1
2507,4,24524,10
2507,4,24528,10
2507,0,2506,100
2509,4,2802,10
2509,4,24520,10
2509,0,2508,100
2511,4,2812,10
2511,4,24526,10
2511,0,2510,100
2513,4,2818,10
2513,4,24544,10
2513,0,2512,100
2515,4,24476,10
2515,4,24543,10
2515,0,2514,100
2517,4,24474,10
2517,4,24604,10
2517,0,2516,100
2530,4,2532,10
2530,0,2529,1
2532,0,2531,1
2538,4,2540,10
2538,0,2537,1
2540,0,2539,1
2546,4,2548,10
2546,0,2545,1
2548,0,2547,1
2554,0,2553,1
2604,4,2606,10
2604,0,2603,1
2606,0,2605,1
2614,0,2613,5000
2622,0,2621,5000
2630,0,2629,5000
2638,0,2637,5000
2648,0,2647,5000
2656,0,2655,5000
2680,0,2679,5000
2735,0,32458,1
2736,0,17181,1
2737,0,32226,1
2738,0,32250,1
2739,0,28668,10
2740,0,17182,1
2741,0,17178,1
2742,0,25270,1
2743,0,25271,1
2744,0,17982,1
2745,0,25821,1
2746,0,25280,1
2747,0,30655,1
2748,0,14343,1
2749,0,24657,1
2750,0,24646,1
2751,0,24655,1
2752,0,12237,1
2753,0,24653,1
2754,0,24658,1
2755,0,17184,1
2756,0,24575,1
2757,0,17185,1
2758,0,24660,1
2759,0,17186,1
2760,0,24659,1
2761,0,17187,1
2762,0,25305,1
2763,0,17180,1
2764,0,13780,1
2765,0,19470,1
2766,0,29613,1
2767,0,12239,1
2768,0,24654,1
2769,0,12238,1
2770,0,16220,1
2771,0,24574,1
2772,0,30389,1
2773,0,24656,1
2774,0,12235,1
2775,0,20059,1
2776,0,20060,1
2777,0,16213,1
2778,0,20061,1
2779,0,20062,1
2780,0,12236,1
2781,0,20063,1
2782,0,20064,1
2783,0,16214,1
2784,0,20065,1
2785,0,20066,1
2786,0,16221,1
2787,0,17621,1
2788,0,27673,1
2789,0,27674,1
2790,0,24684,1
2791,0,16869,1
2792,0,17174,1
2793,0,22634,1
2794,0,17175,1
2795,0,30656,1
2796,0,17176,1
2797,0,20175,1
2798,0,17177,1
2799,0,27672,1
2800,0,27897,1
2802,0,2801,5000
2803,0,17402,1
2804,0,16692,1
2805,0,16689,1
2806,0,17403,1
2807,0,17770,1
2808,0,16691,1
2810,0,16688,1
2812,0,2811,5000
2813,0,17404,1
2814,0,17771,1
2815,0,16690,1
2816,0,16631,1
2818,0,2817,5000
2819,0,17772,1
2820,0,24567,1
2821,0,16216,1
2822,0,17773,1
2823,0,16696,1
2824,0,16697,1
2825,0,17408,1
2826,0,17167,1
2827,0,17407,1
2828,0,17168,1
2829,0,17406,1
2830,0,16694,1
2835,0,2834,1
2837,0,2836,1
2839,0,2838,1
2866,0,2865,1
2874,0,2873,1
2890,0,2889,1
2898,0,2897,1
2906,0,2905,1
2914,0,2913,1
2922,0,2921,1
2938,0,2937,1
2946,0,2945,1
2949,0,2948,1
2954,0,2953,1
2962,0,2961,1
2970,0,2969,1
2978,0,2977,1
2986,0,2985,1
2994,0,2993,1
3002,0,3001,1
3010,0,3009,1
3018,0,3017,1
3026,0,3025,1
3034,0,3033,1
3039,0,2998,1
3042,0,3041,1
3050,0,3049,1
3058,0,3057,1
3066,0,3065,1
3075,0,3074,1
3083,0,3082,1
3091,0,3090,1
3099,0,3098,1
3107,0,3106,1
3115,0,3114,1
3123,0,3122,1
3131,0,3130,1
3139,0,3138,1
3147,0,3146,1
3155,0,3154,1
3163,0,3162,1
3171,0,3170,1
3179,0,3178,1
3187,0,3186,1
3243,4,3245,10
3243,0,3242,1
3245,0,3244,1
3286,0,3285,1
3473,0,3472,1
3489,0,3488,1
3497,0,3496,1
3505,0,3504,1
3513,0,3512,1
3515,0,3514,1
3517,0,3516,1
3519,0,3518,1
3521,0,3520,1
3529,4,3531,10
3529,0,3528,1
3531,0,3530,1
3535,0,3534,1
3537,0,3536,1
3539,4,3541,10
3539,0,3538,1
3541,0,3540,1
3543,0,3542,1
3545,0,3544,1
3547,0,3546,1
3553,0,3552,10
3555,0,3554,10
3557,0,3550,1
3560,0,3559,1
3562,0,3561,1
3564,0,3563,1
3567,4,3569,10
3567,0,3566,1
3569,0,3568,1
3570,0,3565,1
3572,0,3571,1
3574,0,3573,1
3577,4,3579,10
3577,0,3576,1
3579,0,3578,1
3580,0,3575,1
3582,0,3581,1
3587,4,3589,10
3587,0,3586,1
3589,0,3588,1
3590,0,3585,1
3597,4,3599,10
3597,0,3596,1
3599,0,3598,1
3607,4,3609,10
3607,0,3606,1
3609,0,3608,1
3617,4,3619,5
3617,0,3616,1
3619,0,3618,1
3654,4,3656,10
3654,0,3653,1
3656,0,3655,1
3664,4,3666,10
3664,0,3663,1
3666,0,3665,1
3734,0,3733,10
3736,0,3735,10
3738,0,3737,10
3752,0,3751,1
3754,0,3753,1
3765,0,3764,1
3767,4,11388,1
3767,0,3766,1
3769,0,3768,1
3794,0,3793,1
3830,4,3832,10
3830,0,3829,1
3832,0,3831,1
3840,4,3842,10
3840,0,3839,1
3842,0,3841,1
3927,0,3923,1
3928,0,3922,1
3938,4,3940,10
3938,0,3937,1
3940,0,3939,1
3942,4,3944,10
3942,0,3941,1
3944,0,3943,1
3948,4,3950,10
3948,0,3947,1
3950,0,3949,1
3954,4,3956,10
3954,0,3953,1
3956,0,3955,1
3963,0,3962,1
3978,4,3980,10
3978,0,3977,1
3980,0,3979,1
3982,4,3984,10
3982,0,3981,1
3984,0,3983,1
3988,4,3990,10
3988,0,3987,1
3990,0,3989,1
3991,0,3986,1
3994,4,3996,10
3994,0,3993,1
3996,0,3995,1
4006,0,4005,1
4148,0,4147,1
4249,0,4248,1
4251,0,4250,1
4253,0,4252,1
4255,0,4254,1
4257,0,4256,1
4259,0,4258,1
4261,0,4260,1
4263,0,4262,1
4265,0,4264,1
4267,0,4266,1
4269,0,4268,1
4271,0,4270,1
4273,0,4272,1
4275,0,4274,1
4277,0,4276,1
4279,0,4278,1
4281,0,4280,1
4283,0,4282,1
4285,0,4284,1
4287,0,4286,1
4289,0,4288,1
4291,0,4290,1
4293,0,4292,1
4295,0,4294,1
4298,0,4296,1
4300,0,4299,1
4305,0,4302,1
4307,0,4306,1
4309,0,4308,1
4311,0,4310,1
4313,0,4312,40
4314,0,4051,40
4315,0,4247,40
4316,0,4246,40
4364,0,4363,1
4370,0,4369,1
4384,0,4383,1
4387,0,4386,1
4389,0,4388,1
4392,0,4391,1
4394,4,4406,10
4394,0,4393,1
4396,4,4400,1
4396,0,4395,1
4398,4,4402,1
4398,0,4397,1
4400,0,4399,1
4402,0,4401,1
4404,0,4403,1
4406,0,4405,1
4408,0,4407,1
4410,0,4409,1
9945,4,10191,10
9945,0,9944,1
10040,0,10039,1
10191,0,10190,1
10247,4,10251,10
10247,0,10246,1
10251,0,10250,1
10630,4,10632,10
10630,0,10629,1
10632,0,10631,1
10643,0,10642,1
10679,4,10681,10
10679,0,10678,1
10681,0,10680,1
10837,4,10851,10
10837,0,10836,1
10839,4,10859,10
10839,0,10838,1
10841,4,10843,10
10841,0,10840,1
10843,0,10842,1
10851,0,10850,1
10859,0,10858,1
11012,0,11011,1
11074,0,19534,1
11130,0,11129,1
11133,0,11132,1
11135,0,11134,1
11173,0,11172,1
11175,0,11174,1
11177,0,11176,1
11179,0,11178,1
11183,0,11182,1
11185,0,11184,1
11187,0,11186,1
11189,0,11188,1
11191,0,11190,1
11193,0,11192,1
11195,0,11194,1
11197,0,11196,1
11199,0,11198,1
11201,0,11200,1
11203,0,11202,1
11216,0,11215,1
11218,4,11220,10
11218,0,11217,1
11220,0,11219,1
11226,0,11225,1
11228,4,11230,10
11228,0,11227,1
11230,0,11229,1
11236,0,11235,1
11238,4,11240,10
11238,0,11237,1
11240,0,11239,1
11246,0,11245,1
11248,4,11250,10
11248,0,11247,1
11250,0,11249,1
11256,0,11255,1
11258,4,11260,10
11258,0,11257,1
11260,0,11259,1
11266,0,11265,1
11268,4,11270,10
11268,0,11267,1
11270,0,11269,1
11278,4,11649,10
11278,0,11277,1
11280,4,20354,10
11280,0,11279,1
11284,0,11283,10
11286,0,11285,10
11288,0,11287,10
11290,0,11289,10
11292,4,20344,10
11292,0,11291,1
11294,4,20346,10
11294,0,11293,1
11296,4,20348,10
11296,0,11295,1
11298,4,20350,10
11298,0,11297,1
11300,4,20352,10
11300,0,11299,1
11302,4,11643,10
11302,0,11301,1
11304,4,11647,10
11304,0,11303,1
11306,4,11645,10
11306,0,11305,1
11356,4,26917,10
11356,0,11355,1
11358,4,26916,10
11358,0,11357,1
11360,4,26915,10
11360,0,11359,1
11366,0,11365,1
11372,0,11371,1
11374,0,11373,1
11376,0,11375,1
11378,0,11377,1
11380,0,11379,1
11382,0,11381,1
11384,0,11383,1
11388,0,11387,1
11390,0,11389,1
11394,0,11393,1
11401,0,11400,1
11562,4,24444,10
11562,0,11561,1
11564,4,4255,10
11564,0,11563,1
11568,0,11567,1
11612,4,11795,10
11612,0,2363,1
11613,4,11641,10
11613,0,10998,1
11614,4,11844,10
11614,0,2108,1
11616,4,11848,10
11616,0,1998,1
11617,4,11851,10
11617,0,2103,1
11619,4,11747,10
11619,0,3887,1
11620,4,11808,10
11620,0,1973,1
11621,4,11840,10
11621,0,1977,1
11622,4,11750,10
11622,0,2004,1
11623,4,11754,10
11623,0,2002,1
11624,4,11758,10
11624,0,2003,1
11625,4,11766,10
11625,0,1947,1
11626,4,11762,10
11626,0,2005,1
11628,4,11775,10
11628,0,1948,1
11629,4,11779,10
11629,0,1957,1
11630,4,11783,10
11630,0,1958,1
11631,4,11787,10
11631,0,1955,1
11632,4,11791,10
11632,0,1956,1
11634,4,11812,10
11634,0,1986,1
11641,0,11640,1
11643,0,11642,1
11645,0,11644,1
11647,0,11646,1
11649,0,11648,1
11747,0,3888,1
11750,0,2259,1
11754,0,2260,1
11758,0,2261,1
11762,0,2258,1
11766,0,2262,1
11770,4,11771,10
11770,0,1959,1
11771,0,1960,1
11775,0,2563,1
11779,0,2567,1
11783,0,2559,1
11787,0,2571,1
11791,0,2575,1
11795,0,2364,1
11798,4,11799,10
11798,0,1963,1
11799,0,1964,1
11803,4,11804,10
11803,0,1968,1
11804,0,1969,1
11808,0,1952,1
11812,0,1987,1
11820,4,11821,10
11820,0,2579,1
11821,0,2580,1
11824,4,11825,10
11824,0,2583,1
11825,0,2584,1
11828,4,11829,10
11828,0,2587,1
11829,0,2588,1
11832,4,11833,10
11832,0,2591,1
11833,0,2592,1
11836,4,11837,10
11836,0,4013,1
11837,0,4014,1
11840,0,1978,1
11844,0,2109,1
11848,0,1999,1
11851,0,2104,1
11857,0,11465,100
11859,0,11482,100
11860,0,11485,100
11861,0,11477,1
11862,0,11471,1
11863,0,11468,1
11864,0,11470,1
11865,0,11469,1
11866,0,11472,1
11867,0,11480,1
11868,0,11479,1
11869,0,11474,1
11870,0,11483,100
11871,0,11473,1
11872,0,11476,100
11873,0,11475,100
11874,0,11514,1
11876,0,11461,100
11877,0,11462,100
11878,0,11466,100
11879,0,11467,100
11880,0,11459,100
11881,0,11464,100
11882,0,11458,100
11883,0,11460,100
11884,0,11457,100
11885,0,11463,100
11886,0,11746,100
11887,0,11481,100
11888,0,11513,1
11889,0,11484,100
11890,0,11478,100
11891,0,11486,100
11892,0,11653,1
11937,0,11936,1
11939,0,11938,1
11958,0,11957,1
11960,0,11959,1
11962,0,11961,1
11964,0,11963,1
11966,0,11965,1
11970,0,11969,1
11972,0,11971,1
11979,0,11978,1
11986,0,11985,1
11988,0,11987,1
11990,0,11989,1
11994,0,11993,1
11996,0,11995,1
12000,0,11999,1
12004,0,12003,1
12006,0,12005,1
12012,0,12011,1
12014,0,12013,1
12016,0,12015,1
12018,0,12017,1
12020,0,12019,1
12022,0,12021,1
12024,0,12023,1
12031,0,12032,1
12035,0,12034,1
12037,0,12036,1
12041,0,12038,1
12043,0,12042,1
12045,0,12044,1
12053,4,12077,10
12053,0,12052,1
12055,4,12085,10
12055,0,12054,1
12057,4,12059,10
12057,0,12056,1
12059,0,12058,1
12067,4,12069,10
12067,0,12066,1
12069,0,12068,1
12077,0,12076,1
12085,0,12084,1
12103,0,12102,1
12104,0,11577,1
12105,0,11578,1
12109,4,18069,10
12109,0,12108,1
12218,4,12222,10
12218,0,12217,1
12220,4,12224,5
12220,0,12219,1
12222,0,12221,1
12224,0,12223,1
12226,4,12103,10
12226,0,12225,1
12258,4,12260,10
12258,0,12257,1
12260,0,12259,1
12262,4,12264,10
12262,0,12261,1
12264,0,12263,1
12266,4,12268,10
12266,0,12265,1
12268,0,12267,1
12270,4,12272,10
12270,0,12269,1
12272,0,12271,1
12275,4,22292,10
12275,0,12274,1
12297,4,26893,10
12297,0,12198,1
12300,4,26891,10
12300,0,12199,1
12301,4,26889,10
12301,0,12200,1
12345,4,12347,10
12345,0,12344,1
12347,0,12346,1
12355,4,12357,10
12355,0,12354,1
12357,0,12356,1
12553,0,12552,4
12558,0,12557,4
12560,0,12559,4
12562,0,12561,4
12564,0,12563,4
12566,0,12565,4
12609,0,12608,5000
12611,0,12610,5000
12613,0,12612,5000
12615,0,12614,5000
12617,0,12616,5000
12619,0,12618,5000
12621,0,12620,5000
12626,0,12625,5000
12628,0,12627,5000
12630,0,12629,5000
12632,0,12631,5000
12634,0,12633,5000
12710,4,19807,10
12710,0,12709,1
12712,0,12711,1
12714,0,12713,1
12716,0,12715,1
12718,0,12717,1
12730,0,12729,1
12732,0,12731,1
12734,0,12733,1
12736,0,12735,1
12744,0,12743,1
12746,0,12745,1
12748,0,12747,1
12754,0,12753,1
12762,0,12761,5000
12764,0,12763,5000
12766,0,12765,5000
12768,0,12767,5000
12770,0,12769,5000
12772,0,12771,5000
12774,0,12773,5000
12776,0,12775,5000
12778,0,12777,5000
12780,0,12779,5000
12782,0,12781,5000
12784,0,12783,5000
12786,0,12785,5000
12788,0,12787,5000
12790,0,12789,5000
12792,0,12791,5000
12794,0,12793,5000
12796,0,12795,5000
12798,0,12797,5000
12800,0,12799,5000
12802,0,12801,5000
12804,0,12803,5000
12806,0,12805,5000
12808,0,12807,5000
12811,0,12810,4
12813,0,12812,4
12815,0,12814,4
12817,0,12816,4
12819,0,12818,4
12821,0,12820,4
12823,0,12822,4
12825,0,12824,4
12827,0,12826,4
12829,0,12828,4
12831,0,12830,4
12833,0,12832,4
13000,4,12104,10
13000,4,12105,10
13000,0,11370,1
13002,0,13001,1
13004,0,13003,1
13203,0,13202,1
13321,4,19740,10
13321,0,13320,1
15509,4,21639,10
15509,0,15508,1
15511,4,21641,10
15511,0,15510,1
15676,0,15675,1
15678,0,15677,1
15682,0,15681,1
15684,0,15683,1
15686,0,15685,1
15688,0,15687,1
15690,0,15689,1
15692,0,15691,1
15694,0,15693,1
15696,0,15695,1
15698,0,15697,1
15700,0,15699,1
15702,0,15701,1
15704,0,15703,1
15706,0,15705,1
15708,0,15707,1
15710,0,15709,1
15712,0,15711,1
15714,0,15713,1
15716,0,15715,1
15718,0,15717,1
15720,0,15719,1
15722,0,15721,1
15724,0,15723,1
15726,0,15725,1
15728,0,15727,1
15730,0,15729,1
15732,0,15731,1
15734,0,15733,1
15736,0,15735,1
15738,0,15737,1
15740,0,15739,1
15748,0,15747,1
15750,0,15749,1
15752,0,15751,1
15754,0,15753,1
15756,0,15755,1
15758,0,15757,1
15760,0,15759,1
15762,0,15761,1
15765,0,15764,1
15767,0,15766,1
15769,0,15768,1
15771,0,15770,1
15773,0,15772,1
15777,0,15776,1
15779,0,15778,1
15781,0,15780,1
15783,0,15782,1
15785,0,15784,1
15787,0,15786,1
15789,0,15788,1
15791,0,15790,1
15793,0,15792,1
15795,0,15794,1
15797,0,15796,1
15799,0,15798,1
15801,0,15800,1
15803,0,15802,1
15805,0,15804,1
15807,0,15806,1
15809,0,15808,1
15811,0,15810,1
15819,0,15818,1
15822,0,15821,1
15839,0,15838,1
15842,0,15841,1
15876,0,15875,1
15878,0,15877,1
15880,0,15879,1
15882,0,15881,1
15884,0,15883,1
15886,0,15885,1
15888,0,15887,1
15890,0,15889,1
15892,0,15891,1
15894,0,15893,1
15896,0,15895,1
15906,0,15905,1
15908,0,15907,1
15910,0,15909,1
15912,0,15911,1
15914,0,15913,1
15916,0,15915,1
15918,0,15917,1
15920,0,15919,1
15922,0,15921,1
15924,0,15923,1
15926,0,15925,1
15928,0,15927,1
15930,0,15929,1
15932,0,15931,1
15936,0,15935,1
15938,0,15937,1
15940,0,15939,1
15942,0,15941,1
15946,0,15945,1
15948,0,15947,1
15950,0,15949,1
15954,0,15953,1
15956,0,15955,1
15958,0,15957,1
15960,0,15959,1
15962,0,15961,1
15964,0,15963,1
15966,0,15965,1
15968,0,15967,1
16029,0,2929,1
16032,0,2881,1
16063,0,16062,1
16066,0,16065,1
16228,4,22447,1
16228,0,16227,1
16230,4,22467,1
16230,0,16229,1
16232,4,22469,1
16232,0,16231,1
16234,4,22475,1
16234,0,16233,1
16237,4,22453,1
16237,0,16236,1
16239,4,22465,1
16239,0,16238,1
16241,4,22461,1
16241,0,16240,1
16243,4,22457,1
16243,0,16242,1
16279,4,22230,10
16279,0,16278,1
17322,0,11691,1
17323,0,11545,1
17324,0,11530,1
17325,0,11538,1
17326,0,11692,1
17327,0,11552,1
17328,0,11544,1
17329,0,11531,1
17330,0,11539,1
17331,0,11547,1
17332,0,11693,1
17333,0,11536,1
17334,0,11554,1
17335,0,11694,1
17336,0,11537,1
17337,0,11553,1
17338,0,11549,1
17339,0,11695,1
17340,0,11534,1
17341,0,11556,1
17342,0,11548,1
17344,0,11688,1
17345,0,11535,1
17346,0,11555,1
17347,0,11551,1
17348,0,11689,1
17349,0,11532,1
17350,0,11543,1
17351,0,11540,1
17352,0,11558,1
17353,0,11550,1
17354,0,11690,1
17355,0,11542,1
17356,0,11533,1
17357,0,11541,1
17359,0,11557,1
17477,4,22545,1
17477,0,17476,1
17479,4,22549,1
17479,0,17478,1
17481,4,22547,1
17481,0,17480,1
17483,4,17913,10
17483,4,24306,10
17483,0,17482,1
17486,0,17485,1
17489,0,17488,1
17501,0,17500,1
17503,0,17502,1
17505,0,17504,1
17507,0,17506,1
17509,0,17508,1
17511,0,17510,1
17513,0,17512,1
17515,0,17514,1
17517,0,17516,1
17519,0,17518,1
17521,0,17520,1
17523,0,17522,1
17525,0,17524,1
17527,0,17526,1
17529,0,17528,1
17537,0,17536,1
17539,0,17538,1
17541,0,17540,1
17543,0,17542,1
17545,0,17544,1
17550,0,17549,1
17552,0,17551,1
17554,0,17553,1
17556,0,17555,1
17558,0,17557,1
17561,0,17559,1
17620,0,17619,1
17635,0,17634,1
17637,0,17636,1
17649,4,41323,10
17649,0,17648,100
17651,4,41327,10
17651,0,17650,100
17653,0,17652,100
17655,0,17654,100
17657,4,41329,10
17657,0,17656,100
17659,4,41325,10
17659,0,17658,100
17661,0,17660,100
17663,0,17662,100
17665,4,41319,10
17665,0,17664,100
17667,4,41315,10
17667,0,17666,100
17669,0,17668,100
17671,0,17670,100
17673,4,41317,10
17673,0,17672,100
17675,0,17674,100
17677,0,17676,100
17679,4,41321,10
17679,0,17678,100
17681,0,17680,1
17683,0,17682,1
17685,0,17684,1
17687,4,41335,10
17687,0,17686,1
17689,4,41337,10
17689,0,17688,1
17691,0,17690,1
17693,4,41331,10
17693,0,17692,1
17695,4,41333,10
17695,0,17694,1
17704,0,17703,1
17706,0,17705,1
17708,0,17707,1
17710,0,17709,1
17714,0,17713,1
17716,0,17715,1
17719,0,17718,1
17721,0,17720,1
17723,0,17722,1
17727,0,17726,1
17729,0,17728,1
17733,0,17732,1
17737,0,17736,1
17739,0,17738,1
17741,0,17740,1
17813,0,17812,1
17833,0,17832,1
17835,0,17834,1
17837,0,17836,1
17839,0,17838,1
17842,0,17841,1
17844,0,17843,1
17858,4,41282,10
17858,4,41283,10
17858,0,17857,100
17860,4,41278,10
17860,4,41279,10
17860,0,17859,100
17862,4,41284,10
17862,4,41285,10
17862,0,17861,100
17864,4,41280,10
17864,4,41281,10
17864,0,17863,100
17874,0,17873,1
17885,0,17884,1
17902,0,17901,1
17913,0,17912,1
17919,0,17918,1
17921,0,17920,1
17923,0,17922,1
17925,0,17924,1
17927,0,17926,1
17929,0,17928,1
17931,0,17930,1
17933,0,17932,1
17939,4,4259,10
17939,0,17938,1
18037,4,18591,10
18037,0,18036,1
18039,4,18593,10
18039,0,18038,1
18041,4,18595,10
18041,0,18040,1
18043,4,18597,10
18043,0,18042,1
18045,4,18599,10
18045,0,18044,1
18047,4,18601,10
18047,0,18046,1
18049,4,18603,10
18049,0,18048,1
18051,4,18605,10
18051,0,18050,1
18053,4,18607,10
18053,0,18052,1
18055,4,18609,10
18055,0,18054,1
18057,4,18611,10
18057,0,18056,1
18059,4,18613,10
18059,0,18058,1
18061,4,18615,10
18061,0,18060,1
18063,4,18617,10
18063,0,18062,1
18065,4,18625,10
18065,0,18064,1
18067,4,18619,10
18067,0,18066,1
18069,0,18068,1
18591,0,18590,1
18593,0,18592,1
18595,0,18594,1
18597,0,18596,1
18599,0,18598,1
18601,0,18600,1
18603,0,18602,1
18605,0,18604,1
18607,0,18606,1
18609,0,18608,1
18611,0,18610,1
18613,0,18612,1
18615,0,18614,1
18617,0,18616,1
18619,0,18618,1
18625,0,18624,1
18640,4,4261,10
18640,0,18639,1
19721,0,19720,1
19723,0,19722,1
19725,0,19724,1
19727,0,19726,1
19740,0,19739,1
19745,4,12734,1
19745,0,19744,1
19807,0,19806,1
19809,0,19808,1
19811,0,19810,1
19813,0,19812,1
19815,0,19814,1
19995,0,19994,100
20003,0,20002,100
20108,0,17761,1
20126,0,20125,1
20184,4,28851,1
20184,0,20183,1
20186,4,28845,1
20186,0,20185,1
20188,4,28849,1
20188,0,20187,1
20190,4,28847,1
20190,0,20189,1
20219,0,20218,1
20225,0,20224,1
20231,0,20230,1
20237,0,20236,1
20239,0,20238,1
20241,0,20240,1
20243,0,20242,1
20245,0,20244,1
20247,0,20246,1
20249,0,20248,1
20251,0,20250,1
20253,0,20252,1
20255,0,20254,1
20261,0,20260,1
20263,0,20262,1
20265,0,20264,1
20281,4,4293,10
20281,0,20280,1
20344,0,20343,1
20346,0,20345,1
20348,0,20347,1
20350,0,20349,1
20352,0,20351,1
20354,0,20353,1
20368,0,20367,1
20445,4,41110,5
20445,0,20444,1
20447,4,41186,5
20447,0,20446,1
20449,4,41145,5
20449,0,20448,1
20451,4,41136,5
20451,0,20450,1
20453,4,41166,5
20453,0,20452,1
20455,4,41172,5
20455,0,20454,1
20540,4,41190,5
20540,0,20539,1
20556,0,20555,1
20558,0,20557,1
20560,0,20559,1
20562,0,20561,1
20564,0,20563,1
20566,0,20565,1
20568,0,20567,1
20570,0,20569,1
20574,0,20573,1
20576,0,20575,1
20578,0,20577,1
20580,0,20579,1
20582,0,20581,1
20588,0,20587,1
20590,0,20589,1
20592,0,20591,1
20594,0,20593,1
20596,0,20595,1
20598,0,20597,1
20600,0,20599,1
20602,0,20601,1
20604,0,20603,1
20606,0,20605,1
20608,0,20607,1
20610,0,20609,1
20612,0,20611,1
20614,0,20613,1
20618,0,20617,1
20620,0,20619,1
20622,0,20621,1
20624,0,20623,1
20626,0,20625,1
20628,0,20627,1
20630,0,20629,1
20632,0,20631,1
20634,0,20633,1
20636,0,20635,1
20638,0,20637,1
20640,0,20639,1
20642,0,20641,1
20702,4,41616,5
20702,0,20701,1
20704,4,41634,5
20704,0,20703,1
21010,0,21009,1
21012,0,21011,1
21014,0,21013,1
21018,0,21017,1
21020,0,21019,1
21022,0,21021,1
21024,0,21023,1
21026,0,21025,1
21028,0,21027,1
21030,0,21029,1
21036,0,21035,1
21038,0,21037,1
21040,0,21039,1
21042,0,21041,1
21055,0,21054,1
21095,0,21094,1
21098,0,21097,1
21335,0,21334,100
21471,0,21470,1
21473,0,21472,1
21475,0,21474,1
21477,0,21476,1
21479,0,21478,1
21481,0,21480,1
21483,0,21482,1
21485,0,21484,1
21487,0,21486,1
21489,0,21488,1
21492,0,21491,1
21494,0,21493,1
21497,0,21496,1
21499,0,21498,1
21501,0,21500,1
21505,0,21504,1
21507,0,21506,1
21509,0,21508,1
21511,0,21510,1
21513,0,21512,1
21522,0,21527,1
21524,0,21527,1
21526,0,21527,1
21528,0,21527,1
21530,0,21527,1
21535,0,21534,1
21537,0,21536,1
21539,0,21538,1
21541,0,21540,1
21543,0,21542,1
21546,0,21545,1
21548,0,21547,1
21550,0,21549,1
21552,0,21551,1
21554,0,21553,1
21556,0,21555,1
21558,0,21557,1
21560,0,21559,1
21562,0,21561,1
21604,0,21096,1
21629,0,21628,1
21639,0,21638,1
21641,0,21640,1
21854,0,21853,1
21856,0,21855,1
21858,0,21857,1
21868,4,24489,10
21868,4,24616,10
21868,0,21867,100
21943,0,10260,1
21944,0,19758,1
21945,0,10257,1
21946,0,10258,1
21948,0,21947,1
21950,0,21949,1
21952,0,21951,1
21954,0,21953,1
21956,0,21955,1
21958,0,21957,1
21960,0,21959,1
21962,0,21961,1
21964,0,21963,1
21966,0,21965,1
21968,0,21967,1
21970,0,21969,1
22176,4,30835,10
22176,0,22175,1
22178,4,30833,10
22178,0,22177,1
22230,0,22229,1
22292,0,22291,1
22299,4,4263,10
22299,0,20069,1
22300,4,4265,10
22300,0,20409,1
22301,4,4267,10
22301,0,22227,1
22302,0,11014,1
22303,4,4269,10
22303,0,20406,1
22304,4,4271,10
22304,0,20405,1
22305,4,4273,10
22305,0,11052,1
22306,4,4285,10
22306,0,20514,1
22307,4,4281,10
22307,0,20124,1
22308,4,4283,10
22308,0,22228,1
22309,4,4287,10
22309,0,20070,1
22310,4,4289,10
22310,0,11017,1
22311,4,4291,10
22311,0,20408,1
22326,0,22325,1
22328,0,22327,1
22330,0,22329,1
22332,0,22331,1
22429,0,22428,1
22431,0,22430,1
22437,0,22436,1
22441,0,22440,1
22443,0,22442,1
22445,0,22444,1
22447,0,22446,1
22449,0,22448,1
22453,0,22452,1
22457,0,22456,1
22461,0,22460,1
22465,0,22464,1
22467,0,22466,1
22469,0,22468,1
22471,0,22470,1
22475,0,22474,1
22477,0,22476,1
22543,4,28577,10
22543,0,22542,1
22545,0,22544,1
22547,0,22546,1
22549,0,22548,1
22554,4,4275,10
22554,0,22553,1
22556,4,4279,10
22556,0,22555,1
22558,4,4277,10
22558,0,22557,1
22573,0,22572,1
22577,4,28579,10
22577,0,22576,1
22766,4,28200,10
22766,0,22765,1
22779,0,22778,2
22781,0,22780,1
22783,0,22782,1
22853,0,22852,1
22876,0,22875,1
22878,0,22877,1
22880,0,22879,1
22882,0,22881,1
22884,0,22883,1
22886,0,22885,1
22888,0,22887,1
22890,0,22889,1
22892,0,22891,1
22894,0,22893,1
22896,0,22895,1
22898,0,22897,1
22900,0,22899,1
22902,0,22901,1
22904,0,22903,1
22906,0,22905,1
22908,0,22907,1
22910,0,22909,1
22912,0,22911,1
22914,0,22913,1
22916,0,22915,1
22918,0,22917,1
22920,0,22919,1
22922,0,22921,1
22924,0,22923,1
22926,0,22925,1
22928,0,22927,1
22930,0,22929,1
22932,0,22931,1
22934,0,22933,1
22936,0,22935,1
22938,0,22937,1
22940,0,22925,1
22942,0,22925,1
22944,0,22943,1
22946,0,22945,1
22948,0,22947,1
22950,0,22949,1
22952,0,23416,1
22954,0,22953,1
23056,4,41375,10
23056,0,23055,1
23058,4,41378,10
23058,0,23057,1
23060,4,41381,10
23060,0,23059,1
23062,4,41384,10
23062,0,23061,1
23072,0,23071,1
23415,0,23414,1
23417,0,23416,1
23419,0,23418,1
23474,0,23473,1
23507,0,23506,1
23511,0,23510,1
23513,0,23512,1
23524,4,28198,10
23524,0,23523,1
23526,4,28214,10
23526,0,23525,1
23528,4,24428,10
23528,0,23527,1
23534,4,24439,10
23534,0,23533,1
23537,0,23536,1
23560,4,28210,10
23560,0,23559,1
23562,4,28212,10
23562,0,23561,1
23564,4,28216,10
23564,0,23563,1
23660,0,23659,1
23703,0,23702,1
23706,0,23705,1
23708,0,23707,1
23710,4,28206,10
23710,0,23709,1
23712,4,28202,10
23712,0,23711,1
23714,0,23713,1
23716,0,23715,1
23718,4,28208,10
23718,0,23717,1
23720,4,28204,10
23720,0,23719,1
23722,0,23721,1
23724,0,23723,1
23726,0,23725,1
23728,0,23727,1
23730,0,23729,1
23732,0,23731,1
23736,0,23735,1
23758,0,23757,1
23760,0,23759,1
23774,0,23773,1
23784,0,23783,1
23786,0,23785,1
23788,0,23787,1
23790,0,23789,1
23792,0,23791,1
23794,0,23793,1
23796,0,23795,1
23798,0,23797,1
23800,0,23799,1
23802,0,23801,1
23804,0,23803,1
23806,0,23805,1
23808,0,23807,1
23810,0,23809,1
23812,0,23811,1
23814,0,23813,1
23816,0,23815,1
23818,0,23817,1
23820,0,23819,1
23822,0,23821,1
23825,0,23824,1
23830,0,23829,1
23835,0,23834,1
23837,0,23836,1
23839,0,23838,1
23841,0,23840,1
23843,0,23842,1
23845,0,23844,1
23847,0,23846,1
23849,0,23848,1
23851,0,23850,1
23853,0,23852,1
23855,0,23854,1
23857,0,23856,1
23865,0,23864,1
23867,0,23866,1
23869,0,23868,1
23888,0,23883,1
23895,0,23894,1
23897,0,23896,1
23899,0,23898,1
23901,0,23900,1
23903,0,23902,1
23912,0,23911,1
23914,0,23913,1
23916,0,23915,1
23918,0,23917,1
23920,0,23919,1
23954,0,23953,1
24284,4,41416,5
24284,0,24283,1
24306,0,24305,1
24349,4,4251,10
24349,0,24348,1
24396,4,24418,10
24396,0,24395,1
24418,0,24417,1
24428,0,24427,1
24439,0,24438,1
24444,0,24443,1
24469,0,24468,1
24472,0,24471,5000
24474,0,24473,5000
24476,0,24475,5000
24484,0,24483,1
24487,0,24486,5000
24489,0,24488,5000
24491,0,24490,5000
24496,0,24495,5000
24498,0,24497,5000
24500,0,24499,5000
24502,0,24501,5000
24504,0,24503,5000
24506,0,24505,5000
24508,0,24507,5000
24510,0,24509,5000
24512,0,24511,5000
24514,0,24513,5000
24516,0,24515,5000
24518,0,24517,5000
24520,0,24519,5000
24522,0,24521,5000
24524,0,24523,5000
24526,0,24525,5000
24528,0,24527,5000
24530,0,24529,5000
24532,0,24531,5000
24534,0,24533,5000
24536,0,24535,5000
24538,0,24537,5000
24540,0,24539,5000
24542,0,24541,5000
24543,0,24479,5000
24544,0,13119,5000
24546,0,24545,1
24548,0,24547,1
24549,0,23674,1
24551,0,24550,1
24553,0,24552,1
24555,0,24554,1
24557,0,24556,1
24559,0,24558,1
24561,0,24560,1
24570,4,41623,5
24570,0,24569,1
24604,0,24478,5000
24605,0,24477,5000
24614,0,24492,5000
24615,0,24494,5000
24616,0,13856,5000
24617,0,24493,5000
24621,0,24620,1
24623,0,24622,1
24645,4,4253,10
24645,0,24644,1
24689,0,24688,1
24691,0,24690,1
24693,0,24692,1
24695,0,24694,1
24697,4,22449,1
24697,0,24696,1
24699,4,22471,1
24699,0,24698,1
24701,4,22443,1
24701,0,24700,1
24703,4,22445,1
24703,0,24702,1
25267,4,25813,10
25267,0,25266,1
25303,0,9950,1
25307,0,10155,1
25308,0,10156,1
25309,0,9947,1
25310,0,10151,1
25311,0,10152,1
25314,0,10164,1
25322,0,15462,1
25323,0,15463,1
25327,0,15466,1
25328,0,15477,1
25329,0,15478,1
25503,0,15458,1
25504,0,15480,1
25505,0,15461,1
25506,0,15464,1
25507,0,10165,1
25508,0,15479,1
25509,0,15460,1
25510,0,15457,1
25511,0,15465,1
25512,0,10166,1
25513,0,15459,1
25539,0,25349,1
25541,0,25540,1
25543,0,25542,1
25562,4,25564,10
25562,0,25561,1
25564,0,25563,1
25584,0,25555,1
25585,0,25554,1
25586,0,25556,1
25587,0,25553,1
25716,0,25715,1
25737,4,26287,1
25737,0,25736,1
25772,0,25771,1
25813,0,25812,1
25852,0,25851,1
25854,0,25853,1
25856,0,25855,1
25858,0,25857,1
25862,4,30837,10
25862,0,25861,1
25889,4,26289,1
25889,0,25888,1
25891,4,26291,1
25891,0,25890,1
25893,4,26293,1
25893,0,25892,1
25895,4,26303,1
25895,0,25894,1
25897,4,26295,1
25897,0,25896,1
25899,4,26297,1
25899,0,25898,1
25901,4,26299,1
25901,0,25900,1
25903,4,26301,1
25903,0,25902,1
25907,4,26445,1
25907,0,25906,1
25909,4,26325,1
25909,0,25908,1
25911,4,26331,1
25911,0,25910,1
25913,4,26333,1
25913,0,25912,1
25915,4,26335,1
25915,0,25914,1
25917,4,26327,1
25917,0,25916,1
25919,4,26329,1
25919,0,25918,1
25921,4,26339,1
25921,0,25920,1
25923,0,25922,1
25925,4,26341,1
25925,0,25924,1
25929,4,26345,1
25929,0,25928,1
25931,4,26343,1
25931,0,25930,1
25933,4,26347,1
25933,0,25932,1
25935,4,26349,1
25935,0,25934,1
25937,4,26351,1
25937,0,25936,1
25949,4,26375,1
25949,0,25948,1
25951,4,26369,1
25951,0,25950,1
25953,4,26373,1
25953,0,25952,1
25955,4,26377,1
25955,0,25954,1
25957,4,26371,1
25957,0,25956,1
25969,4,26379,1
25969,0,25968,1
25971,4,26387,1
25971,0,25970,1
25973,4,26389,1
25973,0,25972,1
25975,4,26391,1
25975,0,25974,1
25977,4,26385,1
25977,0,25976,1
25979,4,26381,1
25979,0,25978,1
25981,4,26383,1
25981,0,25980,1
25997,4,26393,1
25997,0,25996,1
25999,4,26401,1
25999,0,25998,1
26001,4,26403,1
26001,0,26000,1
26003,4,26405,1
26003,0,26002,1
26005,4,26399,1
26005,0,26004,1
26007,4,26395,1
26007,0,26006,1
26009,4,26397,1
26009,0,26008,1
26017,4,26417,1
26017,0,26016,1
26019,4,26409,1
26019,0,26018,1
26021,4,26415,1
26021,0,26020,1
26023,4,26419,1
26023,0,26022,1
26025,4,26411,1
26025,0,26024,1
26027,4,26407,1
26027,0,26026,1
26029,4,26413,1
26029,0,26028,1
26031,4,26421,1
26031,0,26030,1
26039,4,26429,1
26039,0,26038,1
26041,4,26433,1
26041,0,26040,1
26043,4,26435,1
26043,0,26042,1
26047,4,26431,1
26047,0,26046,1
26049,4,26425,1
26049,0,26048,1
26057,4,26307,1
26057,0,26056,1
26059,4,26311,1
26059,0,26058,1
26061,4,26319,1
26061,0,26060,1
26063,4,26309,1
26063,0,26062,1
26065,4,26315,1
26065,0,26064,1
26067,4,26321,1
26067,0,26066,1
26069,4,26323,1
26069,0,26068,1
26071,4,26313,1
26071,0,26070,1
26073,4,26305,1
26073,0,26072,1
26077,4,26437,1
26077,0,26076,1
26079,4,26439,1
26079,0,26078,1
26081,4,26441,1
26081,0,26080,1
26083,4,26443,1
26083,0,26082,1
26085,4,26451,1
26085,0,26084,1
26087,4,26453,1
26087,0,26086,1
26089,4,26449,1
26089,0,26088,1
26091,4,26447,1
26091,0,26090,1
26097,4,26367,1
26097,0,26096,1
26101,4,26365,1
26101,0,26100,1
26103,4,26359,1
26103,0,26102,1
26105,4,26363,1
26105,0,26104,1
26107,4,26353,1
26107,0,26106,1
26109,4,26361,1
26109,0,26108,1
26111,4,26355,1
26111,0,26110,1
26113,4,26357,1
26113,0,26112,1
26174,0,26173,1
26287,0,26286,1
26289,0,26288,1
26291,0,26290,1
26293,0,26292,1
26295,0,26294,1
26297,0,26296,1
26299,0,26298,1
26301,0,26300,1
26303,0,26302,1
26305,0,26304,1
26307,0,26306,1
26309,0,26308,1
26311,0,26310,1
26313,0,26312,1
26315,0,26314,1
26319,0,26318,1
26321,0,26320,1
26323,0,26322,1
26325,0,26324,1
26327,0,26326,1
26329,0,26328,1
26331,0,26330,1
26333,0,26332,1
26335,0,26334,1
26337,0,26336,1
26339,0,26338,1
26341,0,26340,1
26343,0,26342,1
26345,0,26344,1
26347,0,26346,1
26349,0,26348,1
26351,0,26350,1
26353,0,26352,1
26355,0,26354,1
26357,0,26356,1
26359,0,26358,1
26361,0,26360,1
26363,0,26362,1
26365,0,26364,1
26367,0,26366,1
26369,0,26368,1
26371,0,26370,1
26373,0,26372,1
26375,0,26374,1
26377,0,26376,1
26379,0,26378,1
26381,0,26380,1
26383,0,26382,1
26385,0,26384,1
26387,0,26386,1
26389,0,26388,1
26391,0,26390,1
26393,0,26392,1
26395,0,26394,1
26397,0,26396,1
26399,0,26398,1
26401,0,26400,1
26403,0,26402,1
26405,0,26404,1
26407,0,26406,1
26409,0,26408,1
26411,0,26410,1
26413,0,26412,1
26415,0,26414,1
26417,0,26416,1
26419,0,26418,1
26421,0,26420,1
26423,0,26422,1
26425,0,26424,1
26427,0,26426,1
26429,0,26428,1
26431,0,26430,1
26433,0,26432,1
26435,0,26434,1
26437,0,26436,1
26439,0,26438,1
26441,0,26440,1
26443,0,26442,1
26445,0,26444,1
26447,0,26446,1
26449,0,26448,1
26451,0,26450,1
26453,0,26452,1
26598,0,26597,1
26600,0,26599,1
26602,0,26601,1
26604,0,26603,1
26607,0,3651,1
26759,4,25716,10
26759,0,20138,1
26760,4,24491,10
26760,4,24617,10
26760,0,20306,100
26761,4,24487,10
26761,4,24615,10
26761,0,20308,100
26762,4,2680,10
26762,4,24614,10
26762,0,20307,100
26843,0,26842,1
26850,0,26849,1
26870,0,26869,1
26889,0,26888,1
26891,0,26890,1
26893,0,26892,1
26915,0,26914,1
26916,0,26913,1
26917,0,26912,1
26926,0,26925,1
26928,0,26927,1
26930,4,26932,1
26930,0,26929,1
26932,0,26931,1
26961,0,26960,1
26963,0,26962,1
26965,0,26964,1
26967,0,26966,1
26984,0,26983,1
27015,0,27014,1
27020,0,27019,1
27022,4,27024,1
27022,0,27021,1
27024,0,27023,1
27027,0,27026,1
27039,0,27038,1
27065,4,31050,1
27065,0,27064,1
27067,0,27066,1
27069,4,31078,1
27069,0,27068,1
27300,0,27299,1
27302,0,27301,1
27304,0,27303,1
27306,0,27305,1
27309,0,17368,1
27677,0,27539,1
27679,0,27678,1
27680,0,27607,1
27681,0,27610,1
27682,0,27530,1
27684,0,27589,1
27685,0,27592,1
27688,0,27532,1
27689,0,27591,1
27690,0,27594,1
27694,0,27609,1
27695,0,27540,1
27696,0,27612,1
27697,0,27598,1
27698,0,27595,1
27699,0,27533,1
27703,0,27600,1
27704,0,27597,1
27705,0,27535,1
27706,0,27536,1
27707,0,27601,1
27708,0,27604,1
27712,0,27603,1
27713,0,27538,1
27714,0,27606,1
27781,0,27780,1
27783,0,27782,1
27785,0,27784,1
27787,0,27786,1
27789,0,27788,1
27791,0,27790,1
27807,0,27767,1
27808,0,27766,1
27809,0,27768,1
27810,0,27769,1
27811,0,27771,1
27812,0,27770,1
27813,0,27776,1
27814,0,27777,1
27815,0,27775,1
27816,0,27774,1
27817,0,27773,1
27818,0,27772,1
27819,0,27551,1
27820,0,27548,1
27821,0,27625,1
27822,0,27628,1
27823,0,27631,1
27824,0,27634,1
27825,0,27553,1
27826,0,27550,1
27827,0,27627,1
27828,0,27630,1
27829,0,27633,1
27830,0,27636,1
27831,0,27557,1
27832,0,27554,1
27833,0,27647,1
27834,0,27653,1
27835,0,27644,1
27836,0,27650,1
27837,0,27652,1
27838,0,27646,1
27839,0,27559,1
27840,0,27556,1
27841,0,27649,1
27842,0,27655,1
27843,0,27545,1
27844,0,27616,1
27845,0,27622,1
27846,0,27619,1
27847,0,27613,1
27848,0,27542,1
27849,0,27544,1
27850,0,27547,1
27851,0,27618,1
27852,0,27615,1
27853,0,27621,1
27854,0,27624,1
27859,0,27574,1
27860,0,27583,1
27861,0,27580,1
27862,0,27577,1
27863,0,27579,1
27864,0,27576,1
27865,0,27582,1
27866,0,27585,1
27867,0,27567,1
27868,0,27563,1
27869,0,27565,1
27870,0,27569,1
27871,0,27570,1
27872,0,27573,1
27873,0,27778,1
27874,0,27779,1
27875,0,27857,1
27876,0,27858,1
27877,0,27855,1
27878,0,27856,1
27905,4,3991,10
27905,0,27904,1
27913,0,27912,20
27915,4,4257,10
27915,0,27914,1
27917,0,27916,20
27919,0,27918,20
27921,0,27920,20
27923,0,27922,20
27925,0,27924,20
27931,4,4298,10
27931,0,27930,1
27933,4,4300,10
27933,0,27932,1
27935,4,41631,5
27935,0,27934,1
27944,0,27560,1
27945,0,27641,1
27946,0,27638,1
27947,0,27640,1
27948,0,27643,1
27949,0,27562,1
27952,4,4295,10
27952,0,27951,1
28198,0,28197,1
28200,0,28199,1
28202,0,28201,1
28204,0,28203,1
28206,0,28205,1
28208,0,28207,1
28210,0,28209,1
28212,0,28211,1
28214,0,28213,1
28216,0,28215,1
28263,0,28262,1
28265,0,28264,1
28267,0,28266,1
28269,0,28268,1
28271,0,28270,1
28273,0,28272,1
28275,0,28274,1
28277,0,28276,1
28279,0,28278,1
28281,0,28280,1
28283,0,28282,1
28285,0,28284,1
28287,0,28286,1
28289,0,28288,1
28291,0,28290,1
28293,0,28292,1
28295,0,28294,1
28297,0,28296,1
28299,0,28298,1
28301,0,28300,1
28303,0,28302,1
28305,0,28304,1
28307,0,28306,1
28309,0,28308,1
28325,0,28324,100
28327,0,28326,100
28329,0,28328,100
28331,0,28330,100
28333,0,28332,100
28335,0,28334,100
28337,0,28336,100
28339,0,28338,100
28353,0,28352,1
28368,0,28367,1
28376,0,28375,1
28378,0,28377,1
28380,0,28379,1
28382,0,28381,1
28384,0,28383,1
28386,0,28385,1
28448,0,28387,1
28449,0,28388,1
28450,0,28389,1
28451,0,28390,1
28452,0,28391,1
28453,0,28392,1
28454,0,28393,1
28455,0,28394,1
28456,0,28395,1
28457,0,28396,1
28458,0,28397,1
28459,0,28398,1
28460,0,28399,1
28461,0,28401,1
28462,0,28400,1
28463,0,28402,1
28464,0,28403,1
28465,0,28404,1
28466,0,28405,1
28467,0,28406,1
28468,0,28407,1
28469,0,28408,1
28470,0,28410,1
28471,0,28409,1
28472,0,28411,1
28473,0,28412,1
28474,0,28413,1
28475,0,28414,1
28476,0,28416,1
28477,0,28415,1
28478,0,28417,1
28479,0,28421,1
28480,0,28422,1
28481,0,28423,1
28482,0,28424,1
28483,0,28425,1
28484,0,28426,1
28485,0,28427,1
28486,0,28428,1
28487,0,28429,1
28488,0,28418,1
28489,0,28419,1
28490,0,28420,1
28491,0,28430,1
28492,0,28431,1
28493,0,28432,1
28494,0,28433,1
28495,0,28434,1
28496,0,28435,1
28497,0,28436,1
28498,0,28437,1
28499,0,28438,1
28500,0,28439,1
28501,0,28440,1
28502,0,28441,1
28503,0,28442,1
28504,0,28443,1
28505,0,28444,1
28512,0,28511,1
28515,0,28514,1
28517,0,28516,1
28519,0,28518,1
28521,0,28520,1
28523,0,28522,1
28525,0,28524,1
28527,0,28526,1
28529,0,28528,1
28531,0,28530,1
28533,0,28532,1
28535,0,28534,1
28537,0,28536,1
28539,0,28538,1
28541,0,28540,1
28543,0,28542,1
28546,0,28545,1
28548,0,28547,1
28551,0,28550,1
28553,0,28552,1
28555,0,28554,1
28558,0,28557,1
28560,0,28559,1
28562,0,28561,1
28564,0,28563,1
28566,0,28565,1
28577,0,28576,1
28579,0,28578,1
28584,4,42891,10
28584,0,28583,1
28605,0,28351,1
28607,0,28606,1
28613,0,28612,1
28647,0,28646,1
28651,0,28650,1
28653,0,28652,1
28655,4,4249,10
28655,0,28654,1
28660,0,28659,1
28662,0,28661,1
28666,0,28665,1
28671,0,28670,1
28673,0,28672,1
28675,0,28674,1
28677,0,28676,1
28679,0,28678,1
28681,0,28680,1
28683,0,28682,1
28685,0,28684,1
28711,0,28710,1
28730,0,28729,1
28732,0,28731,1
28734,0,28733,1
28736,0,28735,1
28738,0,28737,1
28741,0,28740,1
28743,0,28742,1
28745,0,28744,1
28747,0,28746,1
28749,0,28748,1
28751,0,28750,1
28753,0,28752,1
28755,0,28754,1
28757,0,28756,1
28759,0,28758,1
28771,0,28770,1
28773,0,28772,1
28775,0,28774,1
28777,0,28776,1
28779,0,28778,1
28781,0,28780,1
28783,0,28782,1
28785,0,28784,1
28787,0,28786,1
28789,0,28788,1
28845,0,28844,1
28847,0,28846,1
28849,0,28848,1
28851,0,28850,1
28889,0,28888,1
28891,0,28890,1
28893,0,28892,1
28895,0,28894,1
29000,0,28999,1
29002,0,29001,1
29004,0,29003,1
29006,0,29005,1
29008,0,29007,1
29010,0,29009,1
29012,0,29011,1
29014,0,29013,1
29016,0,29015,1
29040,0,29039,1
29042,0,29041,1
29044,0,29043,1
29046,0,29045,1
29048,0,29047,1
29050,0,29049,1
29052,0,29051,1
29054,0,29053,1
29056,0,29055,1
29058,0,29057,1
29060,0,29059,1
29062,0,29061,1
29064,0,29063,1
29066,0,29065,1
29068,0,29067,1
29070,0,29069,1
29072,0,29071,1
29074,0,29073,1
29076,0,29075,1
29078,0,29077,1
29080,0,29079,1
29082,0,29081,1
29084,0,29083,1
29086,0,29085,1
29088,0,29087,1
29090,0,29089,1
29092,0,29091,1
29094,0,29093,1
29096,0,29095,1
29098,0,29097,1
29100,0,29099,1
29102,0,29101,1
29104,0,29103,1
29106,0,29105,1
29108,0,29107,1
29110,0,29109,1
29204,0,29202,1
29227,0,29226,1
29249,4,11189,1
29249,0,29248,1
29267,0,29266,1
29329,0,29328,1
29331,0,29330,1
29333,0,29332,1
29335,0,29334,1
29338,0,29337,1
29339,0,29336,1
29341,0,29340,1
29345,0,29344,1
29985,0,29984,1
29987,0,29986,1
29989,0,29988,1
29991,0,29990,1
29993,0,29992,1
29995,0,29994,1
29997,0,29996,1
30003,0,30002,1
30009,0,30008,1
30014,0,30013,1
30029,0,30028,1
30037,0,30036,1
30039,0,30038,1
30041,0,30040,1
30043,0,30042,1
30047,0,30046,1
30049,0,30048,1
30051,0,30050,1
30053,0,30052,1
30057,0,30056,1
30059,0,30058,1
30061,0,30060,1
30063,0,30062,1
30067,0,30066,1
30069,0,30068,1
30071,0,30070,1
30073,0,30072,1
30077,0,30076,1
30079,0,30078,1
30081,0,30080,1
30083,0,30082,1
30087,0,30086,1
30089,0,30088,1
30091,0,30090,1
30093,0,30092,1
30097,0,30096,1
30099,0,30098,1
30101,0,30100,1
30103,0,30102,1
30107,0,30106,1
30109,0,30108,1
30111,0,30110,1
30113,0,30112,1
30140,0,30139,1
30142,0,30141,1
30144,0,30143,1
30146,0,30145,1
30150,0,30149,1
30152,0,30151,1
30154,0,30153,1
30156,0,30155,1
30160,0,30159,1
30162,0,30161,1
30164,0,30163,1
30166,0,30165,1
30170,0,30169,1
30172,0,30171,1
30174,0,30173,1
30176,0,30175,1
30187,4,45705,20
30187,4,45706,20
30187,4,45707,20
30187,4,45708,20
30187,4,45709,20
30187,4,45710,20
30187,4,45711,20
30187,4,45712,20
30187,4,45713,20
30187,4,45714,20
30187,4,45715,20
30187,4,45716,20
30227,0,29964,1
30228,0,29965,1
30229,0,29966,1
30230,0,29967,1
30232,0,29969,1
30233,0,29970,1
30234,0,29971,1
30235,0,29972,1
30237,0,29979,1
30238,0,29980,1
30239,0,29981,1
30240,0,29982,1
30242,0,29974,1
30243,0,29975,1
30244,0,29976,1
30245,0,29977,1
30329,0,30328,1
30343,0,30342,1
30387,0,30386,1
30392,0,30117,1
30393,0,30118,1
30394,0,30119,1
30395,0,30120,1
30397,0,30122,1
30398,0,30123,1
30399,0,30124,1
30400,0,30125,1
30402,0,30127,1
30403,0,30128,1
30404,0,30129,1
30405,0,30130,1
30407,0,30132,1
30408,0,30133,1
30409,0,30134,1
30410,0,30135,1
30421,0,30420,1
30423,0,30422,1
30425,0,30424,1
30465,0,30464,1
30467,0,30466,1
30471,0,30470,1
30475,0,30474,1
30477,0,30476,1
30479,0,30478,1
30558,4,45705,10
30558,4,45706,10
30558,4,45707,10
30558,4,45708,10
30558,4,45709,10
30558,4,45710,10
30558,4,45711,10
30558,4,45712,10
30558,4,45713,10
30558,4,45714,10
30558,4,45715,10
30558,4,45716,10
30562,4,45705,3
30562,4,45706,3
30562,4,45707,3
30562,4,45708,3
30562,4,45709,3
30562,4,45710,3
30562,4,45711,3
30562,4,45712,3
30562,4,45713,3
30562,4,45714,3
30562,4,45715,3
30562,4,45716,3
30582,4,45717,20
30582,4,45718,20
30582,4,45719,20
30582,4,45720,20
30582,4,45721,20
30582,4,45722,20
30582,4,45723,20
30582,4,45724,20
30582,4,45725,20
30582,4,45726,20
30582,4,45727,20
30582,4,45728,20
30586,4,45717,10
30586,4,45718,10
30586,4,45719,10
30586,4,45720,10
30586,4,45721,10
30586,4,45722,10
30586,4,45723,10
30586,4,45724,10
30586,4,45725,10
30586,4,45726,10
30586,4,45727,10
30586,4,45728,10
30588,4,45717,3
30588,4,45718,3
30588,4,45719,3
30588,4,45720,3
30588,4,45721,3
30588,4,45722,3
30588,4,45723,3
30588,4,45724,3
30588,4,45725,3
30588,4,45726,3
30588,4,45727,3
30588,4,45728,3
30599,4,30037,20
30599,4,30039,20
30599,4,30041,20
30599,4,30043,20
30599,4,30047,20
30599,4,30049,20
30599,4,30051,20
30599,4,30053,20
30599,4,30057,20
30599,4,30059,20
30599,4,30061,20
30599,4,30063,20
30599,4,30067,20
30599,4,30069,20
30599,4,30071,20
30599,4,30073,20
30600,4,30037,10
30600,4,30039,10
30600,4,30041,10
30600,4,30043,10
30600,4,30047,10
30600,4,30049,10
30600,4,30051,10
30600,4,30053,10
30600,4,30057,10
30600,4,30059,10
30600,4,30061,10
30600,4,30063,10
30600,4,30067,10
30600,4,30069,10
30600,4,30071,10
30600,4,30073,10
30605,4,30037,3
30605,4,30039,3
30605,4,30041,3
30605,4,30043,3
30605,4,30047,3
30605,4,30049,3
30605,4,30051,3
30605,4,30053,3
30605,4,30057,3
30605,4,30059,3
30605,4,30061,3
30605,4,30063,3
30605,4,30067,3
30605,4,30069,3
30605,4,30071,3
30605,4,30073,3
30614,4,45681,20
30614,4,45682,20
30614,4,45683,20
30614,4,45684,20
30614,4,45685,20
30614,4,45686,20
30614,4,45687,20
30614,4,45688,20
30614,4,45689,20
30614,4,45690,20
30614,4,45691,20
30614,4,45692,20
30615,4,45681,10
30615,4,45682,10
30615,4,45683,10
30615,4,45684,10
30615,4,45685,10
30615,4,45686,10
30615,4,45687,10
30615,4,45688,10
30615,4,45689,10
30615,4,45690,10
30615,4,45691,10
30615,4,45692,10
30618,4,45681,3
30618,4,45682,3
30618,4,45683,3
30618,4,45684,3
30618,4,45685,3
30618,4,45686,3
30618,4,45687,3
30618,4,45688,3
30618,4,45689,3
30618,4,45690,3
30618,4,45691,3
30618,4,45692,3
30628,4,45693,20
30628,4,45694,20
30628,4,45695,20
30628,4,45696,20
30628,4,45697,20
30628,4,45698,20
30628,4,45699,20
30628,4,45700,20
30628,4,45701,20
30628,4,45702,20
30628,4,45703,20
30628,4,45704,20
30632,4,45693,10
30632,4,45694,10
30632,4,45695,10
30632,4,45696,10
30632,4,45697,10
30632,4,45698,10
30632,4,45699,10
30632,4,45700,10
30632,4,45701,10
30632,4,45702,10
30632,4,45703,10
30632,4,45704,10
30633,4,45693,3
30633,4,45694,3
30633,4,45695,3
30633,4,45696,3
30633,4,45697,3
30633,4,45698,3
30633,4,45699,3
30633,4,45700,3
30633,4,45701,3
30633,4,45702,3
30633,4,45703,3
30633,4,45704,3
30752,4,29985,20
30752,4,29987,20
30752,4,29989,20
30752,4,29991,20
30753,4,29985,10
30753,4,29987,10
30753,4,29989,10
30753,4,29991,10
30754,4,29985,3
30754,4,29987,3
30754,4,29989,3
30754,4,29991,3
30833,0,30832,1
30835,0,30834,1
30837,0,30836,1
30840,0,30839,1
30843,0,30842,1
30988,4,31058,1
30988,0,30987,1
30994,4,31062,1
30994,0,30993,1
30998,4,31004,1
30998,0,30997,1
31000,4,31006,1
31000,0,30999,1
31002,4,31008,1
31002,0,31001,1
31004,0,31003,1
31006,0,31005,1
31008,0,31007,1
31010,4,31016,1
31010,0,31009,1
31012,4,31018,1
31012,0,31011,1
31014,4,31020,1
31014,0,31013,1
31016,0,31015,1
31018,0,31017,1
31020,0,31019,1
31022,4,31028,1
31022,0,31021,1
31024,4,31030,1
31024,0,31023,1
31026,4,31032,1
31026,0,31025,1
31028,0,31027,1
31030,0,31029,1
31032,0,31031,1
31034,4,31040,1
31034,0,31033,1
31036,4,31042,1
31036,0,31035,1
31038,4,31044,1
31038,0,31037,1
31040,0,31039,1
31042,0,31041,1
31044,0,31043,1
31046,4,31052,1
31046,0,31045,1
31048,4,31054,1
31048,0,31047,1
31050,0,31049,1
31052,0,31051,1
31054,0,31053,1
31056,4,31060,1
31056,0,31055,1
31058,0,31057,1
31060,0,31059,1
31062,0,31061,1
31064,4,31070,1
31064,0,31063,1
31066,4,31072,1
31066,0,31065,1
31068,4,27067,1
31068,0,31067,1
31070,0,31069,1
31072,0,31071,1
31074,4,31080,1
31074,0,31073,1
31076,4,31082,1
31076,0,31075,1
31078,0,31077,1
31080,0,31079,1
31082,0,31081,1
31084,4,31090,1
31084,0,31083,1
31086,4,31092,1
31086,0,31085,1
31088,4,31094,1
31088,0,31087,1
31090,0,31089,1
31092,0,31091,1
31094,0,31093,1
31106,4,31112,1
31106,0,31105,1
31108,4,31114,1
31108,0,31107,1
31110,4,31116,1
31110,0,31109,1
31112,0,31111,1
31114,0,31113,1
31116,0,31115,1
31118,4,31124,1
31118,0,31117,1
31120,4,31126,1
31120,0,31119,1
31122,4,31128,1
31122,0,31121,1
31124,0,31123,1
31126,0,31125,1
31128,0,31127,1
31130,4,31136,1
31130,0,31129,1
31132,4,31138,1
31132,0,31131,1
31134,4,31140,1
31134,0,31133,1
31136,0,31135,1
31138,0,31137,1
31140,0,31139,1
31142,4,31148,1
31142,0,31141,1
31144,4,31150,1
31144,0,31143,1
31146,4,31152,1
31146,0,31145,1
31148,0,31147,1
31150,0,31149,1
31152,0,31151,1
31154,4,31172,1
31154,0,31153,1
31156,4,31174,1
31156,0,31155,1
31158,4,31176,1
31158,0,31157,1
31160,4,31166,1
31160,0,31159,1
31162,4,31168,1
31162,0,31161,1
31164,4,31170,1
31164,0,31163,1
31166,0,31165,1
31168,0,31167,1
31170,0,31169,1
31172,0,31171,1
31174,0,31173,1
31176,0,31175,1
31178,4,31184,1
31178,0,31177,1
31180,4,31186,1
31180,0,31179,1
31182,4,31188,1
31182,0,31181,1
31184,0,31183,1
31186,0,31185,1
31188,0,31187,1
31190,4,31196,1
31190,0,31189,1
31192,4,31198,1
31192,0,31191,1
31194,4,31200,1
31194,0,31193,1
31196,0,31195,1
31198,0,31197,1
31200,0,31199,1
31202,4,31208,1
31202,0,31201,1
31204,4,31210,1
31204,0,31203,1
31206,4,31212,1
31206,0,31205,1
31208,0,31207,1
31210,0,31209,1
31212,0,31211,1
31214,4,31221,1
31214,0,31213,1
31216,4,31223,1
31216,0,31215,1
31218,4,31225,1
31218,0,31217,1
31221,0,31220,1
31223,0,31222,1
31225,0,31224,1
31227,4,31233,1
31227,0,31226,1
31229,4,31235,1
31229,0,31228,1
31231,4,31237,1
31231,0,31230,1
31233,0,31232,1
31235,0,31234,1
31237,0,31236,1
31239,4,31245,1
31239,0,31238,1
31241,4,31247,1
31241,0,31240,1
31243,4,31249,1
31243,0,31242,1
31245,0,31244,1
31247,0,31246,1
31249,0,31248,1
31251,4,31257,1
31251,0,31250,1
31253,4,31259,1
31253,0,31252,1
31255,4,31261,1
31255,0,31254,1
31257,0,31256,1
31259,0,31258,1
31261,0,31260,1
31263,4,31269,1
31263,0,31262,1
31265,4,31271,1
31265,0,31264,1
31267,4,31273,1
31267,0,31266,1
31269,0,31268,1
31271,0,31270,1
31273,0,31272,1
31275,4,31281,1
31275,0,31274,1
31277,4,31283,1
31277,0,31276,1
31279,4,31285,1
31279,0,31278,1
31281,0,31280,1
31283,0,31282,1
31285,0,31284,1
31287,4,31293,1
31287,0,31286,1
31289,4,31295,1
31289,0,31288,1
31291,4,31297,1
31291,0,31290,1
31293,0,31292,1
31295,0,31294,1
31297,0,31296,1
31299,4,31305,1
31299,0,31298,1
31301,4,31307,1
31301,0,31300,1
31303,4,31309,1
31303,0,31302,1
31305,0,31304,1
31307,0,31306,1
31309,0,31308,1
31311,4,31317,1
31311,0,31310,1
31313,4,31319,1
31313,0,31312,1
31315,4,31321,1
31315,0,31314,1
31317,0,31316,1
31319,0,31318,1
31321,0,31320,1
31323,4,31329,1
31323,0,31322,1
31325,4,31331,1
31325,0,31324,1
31327,4,31333,1
31327,0,31326,1
31329,0,31328,1
31331,0,31330,1
31333,0,31332,1
31335,4,31341,1
31335,0,31334,1
31337,4,31343,1
31337,0,31336,1
31339,4,31345,1
31339,0,31338,1
31341,0,31340,1
31343,0,31342,1
31345,0,31344,1
31347,4,31353,1
31347,0,31346,1
31349,4,31355,1
31349,0,31348,1
31351,4,31357,1
31351,0,31350,1
31353,0,31352,1
31355,0,31354,1
31357,0,31356,1
31359,4,31365,1
31359,0,31358,1
31361,4,31367,1
31361,0,31360,1
31363,4,31369,1
31363,0,31362,1
31365,0,31364,1
31367,0,31366,1
31369,0,31368,1
31371,4,31377,1
31371,0,31370,1
31373,4,31379,1
31373,0,31372,1
31375,4,31381,1
31375,0,31374,1
31377,0,31376,1
31379,0,31378,1
31381,0,31380,1
31383,4,31389,1
31383,0,31382,1
31385,4,31391,1
31385,0,31384,1
31387,4,31393,1
31387,0,31386,1
31389,0,31388,1
31391,0,31390,1
31393,0,31392,1
31395,4,31401,1
31395,0,31394,1
31397,4,31403,1
31397,0,31396,1
31399,4,31405,1
31399,0,31398,1
31401,0,31400,1
31403,0,31402,1
31405,0,31404,1
31407,4,31413,1
31407,0,31406,1
31409,4,31415,1
31409,0,31408,1
31411,4,31417,1
31411,0,31410,1
31413,0,31412,1
31415,0,31414,1
31417,0,31416,1
31419,4,31425,1
31419,0,31418,1
31421,4,31427,1
31421,0,31420,1
31423,4,31429,1
31423,0,31422,1
31425,0,31424,1
31427,0,31426,1
31429,0,31428,1
31431,4,31437,1
31431,0,31430,1
31433,4,31439,1
31433,0,31432,1
31435,4,31441,1
31435,0,31434,1
31437,0,31436,1
31439,0,31438,1
31441,0,31440,1
31443,4,31449,1
31443,0,31442,1
31445,4,31451,1
31445,0,31444,1
31447,4,31453,1
31447,0,31446,1
31449,0,31448,1
31451,0,31450,1
31453,0,31452,1
31455,4,31461,1
31455,0,31454,1
31457,4,31463,1
31457,0,31456,1
31459,4,31465,1
31459,0,31458,1
31461,0,31460,1
31463,0,31462,1
31465,0,31464,1
31467,4,31473,1
31467,0,31466,1
31469,4,31475,1
31469,0,31468,1
31471,4,31477,1
31471,0,31470,1
31473,0,31472,1
31475,0,31474,1
31477,0,31476,1
31479,4,31485,1
31479,0,31478,1
31481,4,31487,1
31481,0,31480,1
31483,4,31489,1
31483,0,31482,1
31485,0,31484,1
31487,0,31486,1
31489,0,31488,1
31491,4,31497,1
31491,0,31490,1
31493,4,31499,1
31493,0,31492,1
31495,4,31501,1
31495,0,31494,1
31497,0,31496,1
31499,0,31498,1
31501,0,31500,1
31503,4,31509,1
31503,0,31502,1
31505,4,31511,1
31505,0,31504,1
31507,4,31513,1
31507,0,31506,1
31509,0,31508,1
31511,0,31510,1
31513,0,31512,1
31515,4,31521,1
31515,0,31514,1
31517,4,31523,1
31517,0,31516,1
31519,4,31525,1
31519,0,31518,1
31521,0,31520,1
31523,0,31522,1
31525,0,31524,1
31527,4,31533,1
31527,0,31526,1
31529,4,31535,1
31529,0,31528,1
31531,4,31537,1
31531,0,31530,1
31533,0,31532,1
31535,0,31534,1
31537,0,31536,1
31539,4,31545,1
31539,0,31538,1
31541,4,31547,1
31541,0,31540,1
31543,4,31549,1
31543,0,31542,1
31545,0,31544,1
31547,0,31546,1
31549,0,31548,1
31551,4,31557,1
31551,0,31550,1
31553,4,31559,1
31553,0,31552,1
31555,4,31561,1
31555,0,31554,1
31557,0,31556,1
31559,0,31558,1
31561,0,31560,1
31563,4,31569,1
31563,0,31562,1
31565,4,31571,1
31565,0,31564,1
31567,4,31573,1
31567,0,31566,1
31569,0,31568,1
31571,0,31570,1
31573,0,31572,1
31575,4,31581,1
31575,0,31574,1
31577,4,31583,1
31577,0,31576,1
31579,4,31585,1
31579,0,31578,1
31581,0,31580,1
31583,0,31582,1
31585,0,31584,1
31587,4,31593,1
31587,0,31586,1
31589,4,31595,1
31589,0,31588,1
31591,4,31597,1
31591,0,31590,1
31593,0,31592,1
31595,0,31594,1
31597,0,31596,1
31599,4,31605,1
31599,0,31598,1
31601,4,31607,1
31601,0,31600,1
31603,4,33302,1
31603,0,31602,1
31605,0,31604,1
31607,0,31606,1
31609,4,31615,1
31609,0,31608,1
31611,4,31617,1
31611,0,31610,1
31613,4,31619,1
31613,0,31612,1
31615,0,31614,1
31617,0,31616,1
31619,0,31618,1
31621,4,31627,1
31621,0,31620,1
31623,4,31629,1
31623,0,31622,1
31625,4,31631,1
31625,0,31624,1
31627,0,31626,1
31629,0,31628,1
31631,0,31630,1
31633,4,31639,1
31633,0,31632,1
31635,4,31641,1
31635,0,31634,1
31637,4,31643,1
31637,0,31636,1
31639,0,31638,1
31641,0,31640,1
31643,0,31642,1
31645,4,31651,1
31645,0,31644,1
31647,4,31653,1
31647,0,31646,1
31649,4,31655,1
31649,0,31648,1
31651,0,31650,1
31653,0,31652,1
31655,0,31654,1
31657,4,31663,1
31657,0,31656,1
31659,4,31665,1
31659,0,31658,1
31661,4,31667,1
31661,0,31660,1
31663,0,31662,1
31665,0,31664,1
31667,0,31666,1
31669,4,31675,1
31669,0,31668,1
31671,4,31677,1
31671,0,31670,1
31673,4,31679,1
31673,0,31672,1
31675,0,31674,1
31677,0,31676,1
31679,0,31678,1
31681,4,31687,1
31681,0,31680,1
31683,4,31689,1
31683,0,31682,1
31685,4,31691,1
31685,0,31684,1
31687,0,31686,1
31689,0,31688,1
31691,0,31690,1
31693,4,31699,1
31693,0,31692,1
31695,4,31701,1
31695,0,31694,1
31697,4,31703,1
31697,0,31696,1
31699,0,31698,1
31701,0,31700,1
31703,0,31702,1
31705,4,31711,1
31705,0,31704,1
31707,4,31713,1
31707,0,31706,1
31709,4,31715,1
31709,0,31708,1
31711,0,31710,1
31713,0,31712,1
31715,0,31714,1
31717,4,31723,1
31717,0,31716,1
31719,4,31725,1
31719,0,31718,1
31721,4,31727,1
31721,0,31720,1
31723,0,31722,1
31725,0,31724,1
31727,0,31726,1
31729,4,31735,1
31729,0,31728,1
31731,4,31737,1
31731,0,31730,1
31733,4,31739,1
31733,0,31732,1
31735,0,31734,1
31737,0,31736,1
31739,0,31738,1
31741,4,31747,1
31741,0,31740,1
31743,4,31749,1
31743,0,31742,1
31745,4,31751,1
31745,0,31744,1
31747,0,31746,1
31749,0,31748,1
31751,0,31750,1
31753,4,31759,1
31753,0,31752,1
31755,4,31761,1
31755,0,31754,1
31757,4,31763,1
31757,0,31756,1
31759,0,31758,1
31761,0,31760,1
31763,0,31762,1
31765,4,31771,1
31765,0,31764,1
31767,4,31773,1
31767,0,31766,1
31769,4,31775,1
31769,0,31768,1
31771,0,31770,1
31773,0,31772,1
31775,0,31774,1
31777,4,31783,1
31777,0,31776,1
31779,4,31785,1
31779,0,31778,1
31781,4,31787,1
31781,0,31780,1
31783,0,31782,1
31785,0,31784,1
31787,0,31786,1
31789,4,31795,1
31789,0,31788,1
31791,4,31797,1
31791,0,31790,1
31793,4,31799,1
31793,0,31792,1
31795,0,31794,1
31797,0,31796,1
31799,0,31798,1
31801,4,31811,1
31801,0,31800,1
31803,4,31813,1
31803,0,31802,1
31805,4,31815,1
31805,0,31804,1
31811,0,31810,1
31813,0,31812,1
31815,0,31814,1
31817,4,31823,1
31817,0,31816,1
31819,4,31825,1
31819,0,31818,1
31821,4,31827,1
31821,0,31820,1
31823,0,31822,1
31825,0,31824,1
31827,0,31826,1
31865,0,31864,1
31867,0,31866,1
31869,0,31868,1
31871,0,31870,1
31873,0,31872,1
31875,0,31874,1
31877,0,31876,1
31879,0,31878,1
31881,0,31880,1
31883,0,31882,1
31885,0,31884,1
31887,0,31886,1
31889,0,31888,1
31891,0,31890,1
31893,0,31892,1
31895,0,31894,1
31897,0,31896,1
31899,0,31898,1
31901,0,31900,1
31903,0,31902,1
31905,0,31904,1
31907,0,31906,1
31909,0,31908,1
31911,0,31910,1
31917,0,31916,1
31919,0,31918,1
31923,0,31922,1
31925,0,31924,1
31927,0,31926,1
31929,0,31928,1
31931,0,31930,1
31933,0,31932,1
31943,0,31942,1
31945,0,31944,1
31947,0,31946,1
31949,0,31948,1
31951,0,31950,1
31953,0,31952,1
32026,4,32030,1
32026,0,32025,1
32028,4,32032,1
32028,0,32027,1
32030,0,32029,1
32032,0,32031,1
32034,4,32038,1
32034,0,32033,1
32036,4,32040,1
32036,0,32035,1
32038,0,32037,1
32040,0,32039,1
32042,4,32046,1
32042,0,32041,1
32044,4,32048,1
32044,0,32043,1
32046,0,32045,1
32048,0,32047,1
32050,4,32054,1
32050,0,32049,1
32052,4,32056,1
32052,0,32051,1
32054,0,32053,1
32056,0,32055,1
32058,4,32062,1
32058,0,32057,1
32060,4,32064,1
32060,0,32059,1
32062,0,32061,1
32064,0,32063,1
32066,0,32065,1
32068,0,32067,1
32070,4,32074,1
32070,0,32069,1
32072,4,32076,1
32072,0,32071,1
32074,0,32073,1
32076,0,32075,1
32078,0,32077,1
32080,0,32079,1
32082,4,32086,1
32082,0,32081,1
32084,4,32088,1
32084,0,32083,1
32086,0,32085,1
32088,0,32087,1
32090,4,32094,1
32090,0,32089,1
32092,4,32096,1
32092,0,32091,1
32094,0,32093,1
32096,0,32095,1
32208,0,32207,1
32210,0,32209,1
32306,0,32305,1
32308,0,32307,1
32310,0,32309,1
32312,0,32311,1
32326,4,41351,10
32326,0,32325,1
32341,4,41352,10
32341,0,32340,1
32343,4,41354,10
32343,0,32342,1
32345,4,41353,10
32345,0,32344,1
32415,0,32414,1
32437,4,41292,10
32437,4,41293,10
32437,0,32436,100
32439,4,41296,10
32439,4,41297,10
32439,0,32438,100
32441,4,41288,10
32441,4,41289,10
32441,0,32440,100
32443,4,41300,10
32443,4,41301,10
32443,0,32442,100
32445,4,41187,5
32445,0,32444,1
32773,0,32772,1
32775,0,32774,1
32781,0,32780,1
32783,0,32782,100
32789,0,32788,1
32791,0,32790,1
32800,0,32799,1
32802,0,32801,1
32804,0,32803,1
32810,0,32809,1
32812,0,32811,1
32818,0,32817,1
32820,0,32819,1
32839,0,18626,1
32841,0,32840,1
32843,0,32842,1
32845,0,32844,1
32847,0,32846,1
32849,0,32848,1
32854,0,18635,1
32855,0,18637,1
32858,0,17366,1
32859,0,3297,1
32860,0,3293,1
32861,0,3296,1
32862,0,24445,1
32863,0,11489,1
32864,0,11488,1
32865,0,3465,1
32866,0,3466,1
32867,0,3467,1
32868,0,17363,1
32869,0,17364,1
32870,0,17365,1
32871,0,17367,1
32873,4,37619,1
32873,0,32872,1
32875,4,37618,1
32875,0,32874,1
32877,4,37617,1
32877,0,32876,1
32879,4,37620,1
32879,0,32878,1
32881,4,33698,1
32881,4,39583,1
32881,0,32880,1
32982,0,32787,1
32984,0,32983,1
32986,0,32985,1
32988,0,32987,1
32990,0,32989,1
33004,0,33003,1
33006,0,33005,1
33008,0,33007,1
33010,0,33009,1
33012,0,33011,1
33067,0,33017,1
33077,0,33076,1
33088,0,33087,1
33102,0,33101,1
33104,0,33103,1
33112,0,33111,1
33150,0,33149,1
33152,0,33151,1
33154,0,33153,1
33156,0,33155,1
33158,0,33157,1
33177,4,33198,10
33177,0,33176,1
33179,4,33200,10
33179,0,33178,1
33181,4,33202,10
33181,0,33180,1
33191,0,33190,1
33196,0,33195,1
33198,0,33197,1
33200,0,33199,1
33202,0,33201,1
33271,4,33273,10
33271,0,33270,1
33273,0,33272,1
33278,4,33280,1
33278,0,33277,1
33280,0,33279,1
33282,4,33284,1
33282,0,33281,1
33284,0,33283,1
33286,4,33288,1
33286,0,33285,1
33288,0,33287,1
33290,4,33292,1
33290,0,33289,1
33292,0,33291,1
33294,4,33296,1
33294,0,33293,1
33296,0,33295,1
33299,4,33300,1
33299,0,33297,1
33300,0,33298,1
33302,0,33301,1
33304,4,33306,1
33304,0,33303,1
33306,0,33305,1
33308,4,33310,1
33308,0,33307,1
33310,0,33309,1
33312,4,33314,1
33312,0,33311,1
33314,0,33313,1
33327,0,3756,1
33396,0,33395,1
33398,0,33397,1
33401,0,33400,1
33447,0,33446,1
33449,4,33451,20
33449,0,33448,1
33451,0,33450,1
33460,0,33459,1
33469,0,33468,1
33471,0,33470,1
33473,0,33472,1
33514,0,33513,1
33515,0,33477,1
33517,0,33474,1
33518,0,33476,1
33519,0,33475,1
33521,0,33520,1
33523,0,33522,1
33536,0,33516,1
33543,0,33525,1
33545,0,33528,1
33546,0,33527,1
33547,0,33526,1
33548,0,33529,1
33554,0,33553,1
33556,0,33555,1
33558,0,33557,1
33560,0,33559,1
33562,0,33561,1
33564,0,33563,1
33566,0,33565,1
33582,0,33581,1
33584,0,33583,1
33586,0,33585,1
33588,0,33587,1
33590,0,33589,1
33592,0,33591,1
33596,0,33595,1
33609,0,33608,1
33611,0,33610,1
33624,0,33623,1
33626,0,33625,1
33628,0,33627,1
33630,0,33629,1
33632,0,33631,1
33634,0,33633,1
33636,0,33635,1
33638,0,33637,1
33640,0,33639,1
33642,0,33641,1
33644,0,33643,1
33646,0,33645,1
33648,0,33647,1
33650,0,33649,1
33652,0,33651,1
33654,0,33653,1
33656,0,33655,1
33658,0,33657,1
33660,0,33659,1
33662,0,33661,1
33664,0,33663,1
33666,0,33665,1
33668,0,33667,1
33670,0,33669,1
33672,4,33709,10
33672,0,33671,1
33674,0,33673,1
33676,0,33675,1
33678,0,33677,1
33682,0,33681,1
33684,0,33683,1
33686,0,33685,1
33688,0,33687,1
33690,0,33689,1
33692,0,33691,1
33694,0,33693,1
33696,0,33695,1
33698,0,33697,1
33701,0,33700,1
33703,0,33702,1
33705,4,33711,10
33705,0,33704,1
33707,4,33713,10
33707,0,33706,1
33709,0,33708,1
33711,0,33710,1
33713,0,33712,1
33817,0,33816,1
33819,0,33818,1
33821,0,33820,1
33823,4,33825,10
33823,0,33822,1
33825,0,33824,1
33868,0,33867,1
33870,0,33869,1
33872,0,33871,1
33874,0,33873,1
33876,0,33875,1
33878,0,33877,1
33880,0,33879,1
33882,0,33881,1
33884,0,33883,1
33891,4,33893,1
33891,0,33890,1
33893,0,33892,1
33895,4,33897,1
33895,0,33894,1
33897,0,33896,1
33899,4,33901,1
33899,0,33898,1
33901,0,33900,1
33903,4,33905,1
33903,0,33902,1
33905,0,33904,1
33916,0,33915,1
33982,0,33981,1
33984,0,33983,1
33986,0,33985,1
34119,0,34118,1
34121,0,34120,1
34123,0,34122,1
34125,0,34124,1
34127,0,34126,1
34153,0,34151,1
34214,0,34213,1
34216,0,34215,1
34218,0,34217,1
34220,0,34219,1
34222,0,34221,1
34224,0,34223,1
34226,0,34225,1
34228,0,34227,1
34230,0,34229,1
34232,0,34231,1
34234,0,34233,1
34236,0,34235,1
34238,0,34237,1
34240,0,34239,1
34242,0,34241,1
34244,0,34243,1
34246,0,34245,1
34248,0,34247,1
34250,0,34249,1
34252,0,34251,1
34254,0,34253,1
34256,0,34255,1
34258,0,34257,1
34267,0,34266,1
34269,0,34268,1
34273,0,34272,1
34275,0,34274,1
34277,0,34276,1
34279,0,34278,1
34281,0,34280,1
34283,0,34282,1
34285,0,34284,1
34287,0,34286,1
34289,0,34288,1
34291,0,34290,1
34293,0,34292,1
34295,0,34294,1
34307,0,34306,1
34309,0,34308,1
34318,0,34317,1
34329,0,34328,1
34340,0,34339,1
34342,0,34341,1
34344,0,34343,1
34346,0,34345,1
34397,0,34396,1
34412,4,34318,20
34412,4,34563,20
34412,4,34829,20
34412,4,35684,20
34414,4,34318,10
34414,4,34563,10
34414,4,34829,10
34414,4,35684,10
34416,4,34318,3
34416,4,34563,3
34416,4,34829,3
34416,4,35684,3
34442,0,34441,1
34444,0,34443,1
34446,0,34445,1
34458,0,34457,1
34460,0,34459,1
34462,0,34461,1
34464,0,34463,1
34466,0,34465,1
34468,0,34467,1
34470,0,34469,1
34472,0,34471,1
34474,0,34473,1
34476,0,34475,1
34478,0,34477,1
34480,0,34479,1
34497,0,34496,1
34563,0,34562,1
34591,0,34590,1
34594,4,34596,10
34594,0,34593,1
34596,0,34595,1
34829,0,34828,1
34841,0,2034,1
34842,0,2035,1
34843,0,2036,1
34844,0,2037,1
34845,0,2026,1
34846,0,2027,1
34847,0,2028,1
34848,0,2029,1
34849,0,2030,1
34850,0,2058,1
34851,0,2059,1
34852,0,2060,1
34853,0,2061,1
34854,0,2062,1
34855,0,2040,1
34856,0,2041,1
34857,0,2042,1
34858,0,2043,1
34859,0,2044,1
34860,0,2053,1
34861,0,2054,1
34862,0,2055,1
34863,0,2056,1
34864,0,2057,1
34865,0,32422,1
34866,0,2008,1
34867,0,2001,1
34868,0,2009,1
34869,0,2031,1
35684,0,35683,1
35772,4,35773,10
35772,0,35770,1
35773,0,35771,1
35780,0,35779,1
35782,0,35781,1
35791,4,35792,10
35791,0,35788,1
35792,0,35790,1
35796,0,35794,1
35797,0,35795,1
36949,0,36902,1
36953,0,36956,1
36954,0,36957,1
36955,0,36958,1
36960,0,35840,1
36961,0,35841,1
36962,0,35842,1
36963,0,35843,1
36964,0,35844,1
36965,0,35845,1
36966,0,35832,1
36967,0,35833,1
36968,0,35834,1
36971,0,35825,1
36972,0,35826,1
36973,0,35827,1
36974,0,35828,1
36975,0,35829,1
36976,0,35830,1
36977,0,35835,1
36978,0,35836,1
36979,0,35837,1
36980,0,35838,1
36981,0,35839,1
36997,0,35920,1
36999,0,35916,1
37000,0,35917,1
37001,0,35918,1
37002,0,35919,1
37003,0,35930,1
37004,0,35931,1
37005,0,35932,1
37006,0,35933,1
37007,0,35934,1
37008,4,47326,5
37008,0,35923,1
37020,4,47343,5
37020,0,35959,1
37021,0,35939,1
37022,0,35892,1
37023,0,35894,1
37024,0,35895,1
37025,0,35896,1
37026,0,35897,1
37027,0,35898,1
37028,4,47345,5
37028,0,35963,1
37029,4,47328,5
37029,0,35926,1
37030,0,35928,1
37031,0,35904,1
37032,0,35899,1
37033,0,35900,1
37034,0,45009,1
37037,0,35938,1
37038,0,35966,1
37039,0,35958,1
37040,0,35967,1
37041,4,47339,5
37041,0,35940,1
37042,0,35951,1
37043,4,47331,5
37043,0,35924,1
37044,4,47333,5
37044,0,35925,1
37045,4,47341,5
37045,0,35962,1
37046,0,35957,1
37047,4,47324,5
37047,0,35921,1
37048,4,47322,5
37048,0,35922,1
37049,0,35905,1
37050,0,35906,1
37051,0,35907,1
37052,0,35908,1
37053,0,35909,1
37054,0,35910,1
37058,0,35911,1
37060,4,47346,5
37060,0,35965,1
37061,0,35935,1
37062,0,35929,1
37063,0,35936,1
37064,0,35954,1
37065,0,35952,1
37066,4,47369,5
37066,0,35941,1
37067,0,35937,1
37068,0,35955,1
37071,0,35888,1
37072,0,35889,1
37073,0,35890,1
37075,0,35953,1
37079,0,35915,1
37080,4,47350,5
37080,0,35943,1
37081,4,47367,5
37081,0,35947,1
37083,4,47365,5
37083,0,35945,1
37085,0,35927,1
37087,4,47335,5
37087,0,35949,1
37138,0,37141,1
37139,0,37142,1
37287,4,37311,1
37309,4,37329,1
37309,0,37164,1
37310,4,37342,1
37310,0,37178,1
37312,4,37314,1
37315,4,37316,1
37317,4,37318,1
37319,4,37320,1
37321,4,37322,1
37323,4,37324,1
37325,4,37326,1
37326,0,37161,1
37327,4,37328,1
37329,0,37165,1
37330,4,37331,1
37330,0,37166,1
37331,0,37167,1
37332,4,37333,1
37332,0,37168,1
37333,0,37169,1
37334,4,37335,1
37334,0,37170,1
37335,0,37171,1
37338,4,37339,1
37338,0,37174,1
37339,0,37175,1
37340,4,37341,1
37340,0,37176,1
37341,0,37177,1
37342,0,37179,1
37343,4,37344,1
37343,0,37180,1
37344,0,37181,1
37345,0,37182,1
37346,4,37345,1
37346,0,37183,1
37347,4,37348,1
37347,0,37184,1
37348,0,37185,1
37349,4,37350,1
37349,0,37186,1
37350,0,37187,1
37351,0,37475,1
37352,4,37353,1
37352,0,37190,1
37353,0,37191,1
37354,4,37355,1
37354,0,37192,1
37355,0,37193,1
37356,4,37357,1
37356,0,37194,1
37357,0,37195,1
37358,4,37359,1
37358,0,37196,1
37359,0,37197,1
37360,4,37361,1
37360,0,37198,1
37361,0,37199,1
37364,4,37365,1
37364,0,37202,1
37365,0,37203,1
37366,4,37367,1
37366,0,37204,1
37367,0,37205,1
37368,4,37369,1
37368,0,37206,1
37369,0,37207,1
37370,4,37371,1
37370,0,37208,1
37371,0,37209,1
37372,4,37373,1
37372,0,37210,1
37373,0,37211,1
37374,4,37375,1
37374,0,37212,1
37375,0,37213,1
37376,4,37377,1
37376,0,43704,1
37377,0,43705,1
37378,4,37379,1
37378,0,37216,1
37379,0,37217,1
37380,4,37381,1
37380,0,37220,1
37381,0,37221,1
37382,4,37383,1
37382,0,37218,1
37383,0,37219,1
37384,4,37385,1
37384,0,37222,1
37385,0,37223,1
37386,4,37387,1
37386,0,37224,1
37387,0,37225,1
37388,4,37389,1
37388,0,37226,1
37389,0,37227,1
37390,4,37391,1
37390,0,37228,1
37391,0,37229,1
37392,4,37393,1
37392,0,37230,1
37393,0,37231,1
37394,4,37395,1
37394,0,37232,1
37395,0,37233,1
37396,4,37397,1
37396,0,37234,1
37397,0,37235,1
37398,4,37399,1
37398,0,37236,1
37399,0,37237,1
37400,4,37401,1
37400,0,37238,1
37401,0,37239,1
37402,4,37403,1
37402,0,37240,1
37403,0,37241,1
37404,4,37405,1
37404,0,37242,1
37405,0,37243,1
37406,4,37407,1
37406,0,37244,1
37407,0,37245,1
37408,4,37409,1
37408,0,37286,1
37409,0,37247,1
37410,4,37411,1
37410,0,37248,1
37411,0,37249,1
37413,4,37414,1
37413,0,37250,1
37414,0,37251,1
37415,4,37416,1
37415,0,37252,1
37416,0,37253,1
37417,4,37418,1
37417,0,37254,1
37418,0,37255,1
37419,4,37420,1
37419,0,37256,1
37420,0,37257,1
37421,4,37422,1
37421,0,37258,1
37422,0,37259,1
37423,4,37424,1
37423,0,37260,1
37424,0,37261,1
37425,4,37426,1
37425,0,37262,1
37426,0,37263,1
37427,4,37428,1
37427,0,37264,1
37428,0,37265,1
37429,4,37430,1
37429,0,37266,1
37430,0,37267,1
37431,4,37432,1
37431,0,37268,1
37432,0,37269,1
37433,4,37434,1
37433,0,37270,1
37434,0,37271,1
37435,4,37436,1
37435,0,37272,1
37436,0,37273,1
37437,4,37438,1
37437,0,37274,1
37438,0,37275,1
37441,4,37442,1
37441,0,37278,1
37442,0,37279,1
37443,4,37444,1
37443,0,37280,1
37444,0,37281,1
37445,4,37446,1
37445,0,37282,1
37446,0,37283,1
37447,4,37448,1
37447,0,37284,1
37448,0,37285,1
37449,4,37351,1
37449,0,37188,1
37537,0,37533,1
37538,0,37534,1
37539,0,37535,1
37540,0,37536,1
37541,4,47349,5
37541,0,37532,1
37617,0,37482,1
37618,0,37481,1
37619,0,37483,1
37620,0,37480,1
37621,0,37479,1
37833,0,37821,1
37834,0,37822,1
37835,0,37823,1
37836,0,37824,1
37837,0,37827,1
37838,0,37826,1
37839,0,37828,1
37840,0,37829,1
37852,0,37843,100
37853,0,37844,100
37854,0,37845,100
37855,0,37846,100
37856,0,37847,100
37857,0,37848,100
37858,0,37849,1
37859,0,37850,1
37860,0,37851,1
37964,0,37963,1
38660,4,38661,10
38660,0,37450,1
38661,0,37451,1
39580,0,37457,1
39581,0,37458,1
39583,0,37135,1
40301,0,37459,1
40302,0,37460,1
40311,0,40307,1
40312,0,40308,1
40313,0,40309,1
40314,0,40310,1
40315,0,37456,1
40316,0,37455,1
40317,0,37454,1
40318,0,37453,1
40336,0,40334,1
40337,0,40335,1
40338,4,40339,10
40338,0,37543,1
40339,0,37546,1
40521,0,40340,1
40672,4,40675,5
40672,0,40659,1
40673,0,40660,1
40674,0,40661,1
40675,0,40662,1
40676,0,40663,1
40677,0,40664,1
40684,4,40687,5
40684,0,40665,1
40685,0,40666,1
40686,0,40667,1
40687,0,40668,1
40688,0,40669,1
40689,0,40670,1
40719,4,40722,5
40719,0,40714,1
40720,0,40715,1
40721,0,40716,1
40722,0,40717,1
40723,0,40718,1
40740,4,40744,5
40740,0,40730,1
40741,0,40731,1
40742,0,40732,1
40743,0,40733,1
40744,0,40734,1
40746,0,40736,1
40747,0,40737,1
40751,4,40759,5
40751,0,40750,1
40753,0,40752,1
40755,0,40754,1
40757,0,40756,1
40759,0,40758,1
40763,0,40762,1
40765,0,40764,1
41068,4,41073,5
41068,0,37290,1
41069,0,37297,1
41070,0,41063,1
41071,0,41064,1
41072,0,41065,1
41073,0,37296,1
41074,0,41066,1
41075,0,41067,1
41085,4,41090,5
41085,0,37291,1
41086,0,37301,1
41087,0,41076,1
41088,0,41077,1
41089,0,41078,1
41090,0,37300,1
41091,0,41079,1
41092,4,41097,5
41092,0,37289,1
41093,0,37305,1
41094,0,41080,1
41095,0,41081,1
41096,0,41082,1
41097,0,37304,1
41098,0,41083,1
41105,0,41099,1
41106,0,41100,1
41107,0,41101,1
41108,0,41102,1
41110,0,37298,1
41111,0,41103,1
41113,0,41104,1
41120,0,41114,1
41121,0,41115,1
41122,0,41116,1
41123,0,41117,1
41124,0,41118,1
41125,0,41119,1
41132,0,41126,1
41133,0,41127,1
41134,0,41128,1
41135,0,41129,1
41136,0,37302,1
41137,0,41130,1
41143,0,41138,1
41144,0,41139,1
41145,0,37303,1
41146,0,41140,1
41147,0,41142,1
41148,0,41141,1
41161,0,41150,1
41162,0,41151,1
41163,0,41152,1
41165,0,41153,1
41166,0,37306,1
41167,0,41154,1
41168,0,41156,1
41169,0,41157,1
41170,0,41158,1
41171,0,41159,1
41172,0,37307,1
41173,0,41160,1
41177,0,41175,1
41178,0,41176,1
41179,0,41174,1
41183,0,41180,1
41184,0,41181,1
41185,0,41182,1
41186,0,37299,1
41187,0,37295,1
41190,0,37294,1
41221,4,41222,10
41221,0,41040,1
41222,0,41057,1
41225,4,41228,5
41225,0,37288,1
41226,0,41223,1
41227,0,41224,1
41228,0,37292,1
41229,0,37293,1
41230,0,41155,1
41242,4,41245,5
41242,0,41236,1
41243,0,41237,1
41244,0,41238,1
41245,0,41239,1
41246,0,41240,1
41248,0,41241,1
41256,4,41261,5
41256,0,41249,1
41257,0,41250,1
41258,0,41251,1
41260,0,41255,1
41261,0,41253,1
41262,0,41254,1
41278,0,41270,5000
41279,0,41271,5000
41280,0,41272,5000
41281,0,41273,5000
41282,0,41274,5000
41283,0,41275,5000
41284,0,41276,5000
41285,0,41277,5000
41288,0,41286,5000
41289,0,41287,5000
41292,0,41290,5000
41293,0,41291,5000
41296,0,41294,5000
41297,0,41295,5000
41300,0,41298,5000
41301,0,41299,5000
41313,0,41252,1
41315,0,41314,5000
41317,0,41316,5000
41319,0,41318,5000
41321,0,41320,5000
41323,0,41322,5000
41325,0,41324,5000
41327,0,41326,5000
41329,0,41328,5000
41331,0,41330,4
41333,0,41332,4
41335,0,41334,4
41337,0,41336,4
41351,0,40563,1
41352,0,40561,1
41353,0,40567,1
41354,0,40565,1
41355,4,41356,10
41355,0,40362,1
41356,0,40560,1
41361,4,41362,10
41361,0,40363,1
41362,0,40566,1
41363,4,41364,10
41363,0,40364,1
41364,0,40562,1
41365,4,41366,10
41365,0,40365,1
41366,0,40564,1
41367,4,41368,10
41367,0,37599,1
41368,0,40568,1
41369,4,41370,10
41369,0,40345,1
41370,0,40569,1
41371,4,41372,10
41371,0,40346,1
41372,0,40570,1
41373,4,41374,10
41373,0,40347,1
41374,0,40571,1
41375,0,40556,1
41376,4,41377,10
41376,0,40358,1
41377,0,40552,1
41378,0,40557,1
41379,4,41380,10
41379,0,40359,1
41380,0,40554,1
41381,0,40558,1
41382,4,41383,10
41382,0,40360,1
41383,0,40555,1
41384,0,40559,1
41385,4,41386,10
41385,0,40361,1
41386,0,40553,1
41388,0,40697,1
41389,0,40700,1
41390,0,40636,1
41391,0,40698,1
41392,0,40699,1
41393,0,40635,1
41394,0,40696,1
41395,0,41350,1
41412,0,41411,1
41413,0,41414,1
41416,0,41415,1
41418,0,41417,1
41430,0,41423,1
41431,4,41432,1
41431,0,41424,1
41432,0,41425,1
41433,4,41434,1
41433,0,41426,1
41434,0,41427,1
41435,4,41436,1
41435,0,41428,1
41436,0,41429,1
41437,4,41430,1
41437,0,41422,1
41438,0,40634,1
41445,0,40631,1
41446,0,41439,1
41447,0,41440,1
41448,0,41441,1
41449,0,41442,1
41450,0,41443,1
41451,0,41444,1
41452,0,40632,1
41532,0,40633,1
41535,0,41533,1
41536,0,41534,1
41582,0,37604,1
41583,0,37605,1
41584,0,37607,1
41585,0,37606,1
41590,0,41517,1
41591,0,41518,1
41592,0,41519,1
41593,0,41520,1
41594,0,41521,1
41595,0,41522,1
41596,0,41523,1
41597,0,41524,1
41598,0,41489,10
41599,4,41602,5
41599,0,40354,1
41600,0,40356,1
41601,0,40355,1
41602,0,40357,1
41603,0,41459,1
41604,0,41460,1
41605,0,41461,1
41606,0,41462,1
41607,4,41610,5
41607,0,40348,1
41608,0,40350,1
41609,0,40349,1
41610,0,40351,1
41611,0,41456,1
41612,0,41457,1
41613,0,41458,1
41614,0,41498,1
41615,0,41499,1
41616,0,41500,1
41618,0,41501,1
41619,0,41502,1
41620,0,41503,1
41621,0,41463,1
41622,0,41464,1
41623,0,41466,1
41624,0,41465,1
41625,0,41467,1
41626,0,41468,1
41627,4,41630,5
41627,0,41511,1
41628,4,41630,5
41628,0,41512,1
41629,4,41630,5
41629,0,41513,1
41630,0,41514,1
41631,0,41475,1
41632,0,41505,1
41633,0,41506,1
41634,0,41507,1
41635,0,41508,1
41636,0,41509,1
41637,0,41510,1
41638,0,41504,1
41639,4,41641,5
41639,0,41484,1
41640,0,41485,1
41641,0,41486,1
41642,0,41487,1
41643,0,41488,1
41644,4,41646,5
41644,0,41491,1
41645,0,41492,1
41646,0,41493,1
41647,0,41494,1
41648,0,41495,1
41649,0,41480,1
41650,0,41481,1
41651,0,41482,1
41652,0,41483,1
41653,0,41476,1
41654,0,41477,1
41655,0,41478,1
41656,0,41479,1
41657,4,41658,5
41657,0,41515,1
41658,0,41525,1
41659,0,41526,1
41660,0,41527,1
41661,0,41530,1
41662,4,41663,5
41662,0,41516,1
41663,0,41528,1
41664,0,41531,1
41665,0,41529,1
41666,0,41469,1
41667,0,41470,1
41668,0,41471,1
41669,0,41474,1
41670,0,41473,1
41671,0,41472,1
41697,0,41565,1
41698,0,41566,1
42134,0,42132,1
42135,0,42133,1
42136,0,42124,1
42137,0,42125,1
42138,0,42126,1
42524,0,42245,1
42525,0,42246,1
42874,0,42832,500
42875,0,42834,500
42876,0,42833,500
42877,0,42837,500
42878,0,42836,500
42879,0,42835,500
42880,0,42831,500
42881,0,42829,500
42882,0,42830,500
42883,0,42694,500
42884,0,42696,500
42885,0,42695,500
42886,0,42838,500
42887,0,42839,500
42888,0,42840,500
42889,0,42522,1
42891,0,42890,1
43544,4,43609,10
43544,0,42528,1
43545,4,43610,10
43545,0,42529,1
43546,4,43611,10
43546,0,42530,1
43547,4,43607,10
43547,0,42526,1
43548,4,43608,10
43548,0,42527,1
43607,0,43552,1
43608,0,43554,1
43609,0,43551,1
43610,0,43555,1
43611,0,43556,1
43659,0,43658,1
43661,0,43660,1
43663,0,43662,1
43665,0,43664,1
43902,0,43894,1
43904,0,43896,1
43906,0,43898,1
43908,0,43900,1
43910,0,42244,1
43911,4,43912,10
43911,0,43699,1
43912,0,43700,1
43913,0,43701,1
43914,0,43694,1
43915,0,41030,1
43916,0,43681,1
43925,0,35881,1
43926,0,35886,1
43927,0,35878,1
43928,0,35891,1
43929,0,35877,1
43934,0,3218,1
44002,4,44003,1
44002,0,43920,1
44003,0,43921,1
44004,4,44005,1
44004,0,37160,1
44005,0,37161,1
44006,4,44007,1
44006,0,37158,1
44007,0,37159,1
44008,4,44009,1
44008,0,37150,1
44009,0,37151,1
44010,4,44011,1
44010,0,37156,1
44011,0,37157,1
44012,4,44013,1
44012,0,37148,1
44013,0,37149,1
44014,4,44015,1
44014,0,37154,1
44015,0,37155,1
44016,4,44017,1
44016,0,37162,1
44017,0,37163,1
44018,4,44019,1
44018,0,37146,1
44019,0,37147,1
44020,4,44021,1
44020,0,43919,1
44021,0,37153,1
44022,4,44023,1
44022,0,43732,1
44023,0,37152,1
44024,4,44025,1
44024,0,43733,1
44025,0,43734,1
44026,4,44027,1
44026,0,43855,1
44027,0,43854,1
44028,4,44029,1
44028,0,43856,1
44029,0,43857,1
44030,4,44031,1
44030,0,43858,1
44031,0,43859,1
44032,4,44033,1
44032,0,43860,1
44033,0,43861,1
44034,4,44035,1
44034,0,43862,1
44035,0,43863,1
44036,4,44037,1
44036,0,43865,1
44037,0,43864,1
44038,4,44039,1
44038,0,43867,1
44039,0,43866,1
44040,4,44041,1
44040,0,43869,1
44041,0,43868,1
44042,4,44043,1
44042,0,43870,1
44043,0,43871,1
44044,4,44045,1
44044,0,43872,1
44045,0,43873,1
44046,4,44047,1
44046,0,43875,1
44047,0,43874,1
44048,4,44049,1
44048,0,43876,1
44049,0,43877,1
44050,4,44051,1
44050,0,43879,1
44051,0,43878,1
44052,4,44053,1
44052,0,43880,1
44053,0,43881,1
44054,4,44055,1
44054,0,43885,1
44055,0,43884,1
44056,4,44057,1
44056,0,43883,1
44057,0,43882,1
44058,4,44059,1
44058,0,43887,1
44059,0,43886,1
44060,4,44061,1
44060,0,43889,1
44061,0,43888,1
44062,4,44063,1
44062,0,43891,1
44063,0,43890,1
44064,4,44065,1
44064,0,43893,1
44065,0,43892,1
44074,4,44075,1
44074,0,43709,1
44075,0,43711,1
44076,4,44077,1
44076,0,43707,1
44077,0,43708,1
44078,4,44079,1
44078,0,43718,1
44079,0,43719,1
44080,4,44081,1
44080,0,43716,1
44081,0,43717,1
44082,4,44083,1
44082,0,43714,1
44083,0,43715,1
44084,4,44085,1
44084,0,43729,1
44085,0,43730,1
44086,4,44087,1
44086,0,37173,1
44087,0,37172,1
44088,4,44089,1
44088,0,43712,1
44089,0,43713,1
44090,4,44091,1
44090,0,43722,1
44091,0,43723,1
44092,4,44093,1
44092,0,43724,1
44093,0,43725,1
44094,4,44095,1
44094,0,43720,1
44095,0,43721,1
44096,4,44097,1
44096,0,43726,1
44097,0,43727,1
44103,0,44102,1
44106,0,42685,1
44115,0,44114,1
44116,0,44113,1
44117,0,44112,1
44118,0,44111,1
45011,0,45010,1
45043,0,42242,1
45044,0,42243,1
45045,0,42241,1
45486,0,44993,1
45487,0,44995,1
45528,0,44996,1
45532,0,45531,1
45533,0,45530,1
45535,0,45534,1
45540,0,45537,1
45541,0,45538,1
45542,0,45539,1
45545,0,45544,1
45547,0,45546,1
45549,0,45548,1
45551,0,45550,1
45642,0,45640,1
45643,0,45641,1
45644,0,45645,1
45646,0,45647,1
45648,0,45649,1
45656,0,45652,1
45657,0,45653,1
45658,0,45654,1
45659,0,45655,1
45681,0,45586,1
45682,0,45587,1
45683,0,45588,1
45684,0,45589,1
45685,0,45590,1
45686,0,45591,1
45687,0,45592,1
45688,0,45593,1
45689,0,45594,1
45690,0,45595,1
45691,0,45596,1
45692,0,45597,1
45693,0,45598,1
45694,0,45599,1
45695,0,45600,1
45696,0,45601,1
45697,0,45602,1
45698,0,45603,1
45699,0,45604,1
45700,0,45605,1
45701,0,45606,1
45702,0,45607,1
45703,0,45608,1
45704,0,45609,1
45705,0,45610,1
45706,0,45611,1
45707,0,45612,1
45708,0,45613,1
45709,0,45614,1
45710,0,45615,1
45711,0,45616,1
45712,0,45617,1
45713,0,45618,1
45714,0,45619,1
45715,0,45620,1
45716,0,45621,1
45717,0,45622,1
45718,0,45623,1
45719,0,45624,1
45720,0,45625,1
45721,0,45626,1
45722,0,45627,1
45723,0,45628,1
45724,0,45629,1
45725,0,45630,1
45726,0,45631,1
45727,0,45632,1
45728,0,45633,1
45732,5,16672,20
46157,5,30306,160
46158,5,30303,1000
46159,5,30304,250
46160,5,30305,120
46161,5,30307,120
46162,5,30308,160
46163,5,30309,120
46164,5,30310,160
46165,5,30311,100
46166,5,16663,200
46167,5,16659,200
46168,5,16660,200
46169,5,16655,200
46170,5,16668,200
46171,5,16656,200
46172,5,16669,200
46173,5,17769,200
46174,5,16665,200
46175,5,16666,200
46176,5,16667,200
46177,5,16662,200
46178,5,16657,200
46179,5,16658,200
46180,5,16664,200
46181,5,16661,200
46182,5,16654,200
46183,5,17959,200
46184,5,17960,200
46185,5,33336,200
46186,5,33337,200
46187,5,32821,1
46188,5,32822,1
46189,5,32823,1
46190,5,32824,1
46191,5,32825,1
46192,5,32826,1
46193,5,32827,1
46194,5,32828,1
46195,5,32829,1
46196,5,29664,1
46197,5,29663,1
46198,5,29662,1
46199,5,29661,1
46200,5,29660,1
46201,5,29659,1
46202,5,33339,1
46203,5,33338,1
46204,5,16671,10000
46205,5,16670,10000
46206,5,16673,10000
46207,5,16672,10000
46208,5,16678,6000
46209,5,16679,3000
46210,5,16680,2200
46211,5,16681,1500
46212,5,16682,750
46213,5,16683,400
46214,5,17317,200
46215,5,33361,300
46216,5,33360,300
46217,5,33359,300
46218,5,33362,300
46219,5,28688,30
46220,5,28689,30
46221,5,28690,30
46222,5,25252,15
46223,5,25330,15
46224,5,25331,15
46225,5,25332,15
46226,5,25333,15
46227,5,25334,15
46228,5,28691,30
46229,5,28692,30
46230,5,25237,15
46231,5,25242,15
46232,5,28693,30
46233,5,28686,30
46234,5,28687,30
46235,5,25283,12
46236,5,25335,12
46237,5,25336,12
46238,5,25337,12
46240,5,25338,12
46241,5,25339,12
46242,5,25340,12
46243,5,25341,12
46244,5,25342,12
46245,5,25343,12
46246,5,25344,12
46247,5,25345,12
46248,5,25346,12
46249,5,25347,12
46250,5,25348,12
46251,5,25241,12
46350,4,46351,10
46350,0,46355,1
46351,0,46356,1
46352,4,46353,10
46352,0,46365,1
46353,0,46366,1
46357,4,46358,10
46357,0,46367,1
46358,0,46368,1
46359,4,46360,10
46359,0,46369,1
46360,0,46370,1
46361,4,46362,10
46361,0,46371,1
46362,0,46372,1
46500,0,46328,1
46501,4,46500,1
46501,0,46327,1
46502,0,46326,1
46503,4,46502,1
46503,0,46325,1
46504,0,46324,1
46505,4,46504,1
46505,0,46323,1
46506,4,46507,1
46506,0,46484,1
46507,0,46485,1
46508,4,46509,1
46508,0,46486,1
46509,0,46487,1
46510,4,46511,1
46510,0,46488,1
46511,0,46489,1
46512,4,46513,1
46512,0,46490,1
46513,0,46491,1
46514,4,46515,1
46514,0,46492,1
46515,0,46493,1
46516,4,46517,1
46516,0,46494,1
46517,0,46495,1
46518,4,46519,1
46518,0,46496,1
46519,0,46497,1
46576,0,46575,1
46578,0,46577,1
46643,4,46644,1
46643,0,46633,1
46644,0,46634,1
46645,4,46646,1
46645,0,46635,1
46646,0,46636,1
46647,4,46648,1
46647,0,46637,1
46648,0,46638,1
46649,4,46650,1
46649,0,46639,1
46650,0,46640,1
46651,4,46652,1
46651,0,46641,1
46652,0,46642,1
47040,0,47028,1
47107,0,47072,1
47109,0,47074,1
47110,0,47069,1
47111,0,47070,1
47112,0,47071,1
47113,0,47073,1
47114,0,35944,1
47115,0,47068,1
47208,4,47212,10
47208,0,47035,1
47209,4,47215,10
47209,0,47138,1
47210,4,47218,10
47210,0,47139,1
47211,4,47221,10
47211,0,47140,1
47212,0,47141,1
47213,4,47214,10
47213,0,47145,1
47214,0,47148,1
47215,0,47142,1
47216,4,47217,10
47216,0,47146,1
47217,0,47149,1
47218,0,47143,1
47219,4,47220,10
47219,0,47147,1
47220,0,47150,1
47221,0,47144,1
47222,4,47223,10
47222,0,47036,1
47223,0,47151,1
47224,4,47225,10
47224,0,47131,1
47225,0,47134,1
47226,4,47227,10
47226,0,47132,1
47227,0,47135,1
47228,4,47229,10
47228,0,47037,1
47229,0,47136,1
47230,4,47231,10
47230,0,47133,1
47231,0,47137,1
47232,0,47123,1
47233,4,47237,10
47233,0,47117,1
47234,4,47238,10
47234,0,47116,1
47235,4,47240,10
47235,0,47118,1
47236,4,47239,10
47236,0,47038,1
47237,0,47121,1
47238,0,47119,1
47239,0,47120,1
47240,0,47122,1
47241,4,47242,10
47241,0,47124,1
47242,0,47127,1
47243,4,47244,10
47243,0,47125,1
47244,0,47128,1
47245,4,47246,10
47245,0,47126,1
47246,0,47129,1
47247,4,47248,10
47247,0,47039,1
47248,0,47130,1
47259,4,47260,10
47259,0,47254,1
47260,0,47257,1
47322,0,47298,1
47324,0,47323,1
47326,0,47325,1
47328,0,47327,1
47331,0,47330,1
47333,0,47332,1
47335,0,47334,1
47337,0,47336,1
47339,0,47338,1
47341,0,47340,1
47343,0,47342,1
47345,0,47344,1
47346,0,47347,1
47349,0,47348,1
47350,0,47351,1
47354,4,47355,5
47354,0,47352,1
47355,0,47353,1
47357,4,47359,5
47357,0,47356,1
47359,0,47358,1
47361,4,47363,5
47361,0,47360,1
47363,0,47362,1
47365,0,47364,1
47367,0,47366,1
47369,0,47368,1
47716,0,47466,1
47966,4,52251,1
47966,0,47269,1
47967,4,52253,1
47967,0,47270,1
47968,0,47271,1
47969,4,47970,10
47969,0,47272,1
47970,0,47914,1
47971,4,47972,10
47971,0,47273,1
47972,0,47918,1
47973,4,47974,10
47973,0,47274,1
47974,0,47922,1
48095,4,48096,10
48095,0,47908,1
48096,0,47911,1
48097,4,48100,5
48097,0,47885,5000
48098,0,47924,5000
48099,4,48101,5
48099,0,47925,5000
48100,0,47926,5000
48101,0,47927,5000
48102,4,48105,5
48102,0,47886,5000
48103,0,47928,5000
48104,4,48106,5
48104,0,47929,5000
48105,0,47930,5000
48106,0,47931,5000
48107,4,48110,5
48107,0,47887,5000
48108,0,47932,5000
48109,4,48111,5
48109,0,47933,5000
48110,0,47934,5000
48111,0,47935,5000
48469,0,47912,1
48470,0,47913,1
48471,0,47916,1
48472,0,47917,1
48473,0,47920,1
48474,0,47921,1
48637,0,48635,1
48638,0,48636,1
48745,0,48744,1
48923,0,48605,1
48924,0,48606,1
48925,0,48607,1
48926,0,48608,1
48945,0,48609,1
48946,0,48610,1
48947,0,48612,1
48948,0,48611,1
48949,0,48944,1
49100,0,49099,1
49625,0,49600,1
49626,0,49601,1
49714,4,52255,1
49714,0,49710,1
49715,0,49711,1
49716,4,49717,1
49716,0,49712,1
49717,0,49713,1
49721,0,49720,1
49775,4,49778,10
49775,0,49770,1
49776,0,49771,1
49777,0,49772,1
49778,0,49773,1
49779,0,49774,1
49967,0,48613,1
49968,0,48614,1
49969,0,48615,1
49970,0,48616,1
49971,0,49790,1
49972,0,49791,1
49973,0,49792,1
50011,0,50007,1
50012,0,50008,1
50013,0,50009,1
50014,0,50010,1
50068,0,50053,1
50072,0,50066,1
50073,0,50067,1
52237,0,52236,1
52239,0,52238,1
52241,0,52240,1
52243,0,52242,1
52245,0,52244,1
52251,0,52250,1
52253,0,52252,1
52255,0,52254,1
52348,0,47915,1
52349,0,47919,1
52350,0,47923,1
52684,0,52674,1
52685,0,52679,1
52686,0,52680,1
52687,0,52681,1
52688,0,52682,1
52689,0,52683,1
52695,0,52694,1
52791,0,52785,1
52792,0,52786,1
52793,0,52788,1
52794,0,52789,1
52795,0,52787,1
52796,0,52790,1
52818,0,52798,1
52819,0,52799,1
52820,0,52800,1
52821,0,52801,1
52822,0,52802,1
52823,0,52803,1
52824,0,52804,1
52825,0,52805,1
52826,0,52806,1
52827,0,52807,1
52828,0,52808,1
52829,0,52809,1
52830,0,52810,1
52831,0,52811,1
52832,0,52812,1
52972,0,52917,1
52974,0,52918,1
52975,0,52919,1
52976,0,52920,1
52977,0,52921,1
52978,0,52922,1
53029,0,52907,1
53030,0,52915,1
53031,0,52916,5000
53032,0,53035,1
53033,0,53036,1
53034,0,53037,1
53303,0,53301,5000
53304,0,53302,5000
53722,0,53704,1
53723,0,53705,1
53724,0,53706,1
53725,0,53707,1
53726,0,53708,1
53727,0,53709,1
53728,0,53710,1
53729,0,53711,1
53730,0,53712,1
53731,0,53713,1
53732,0,53715,1
53733,0,53714,1
53859,0,53853,1
53860,0,53854,1
53861,0,53856,1
53862,0,53857,1
53863,0,53855,1
53864,0,53839,1
53908,0,53890,1
53909,0,53891,1
53910,0,53892,1
53911,0,53893,1
53912,0,53894,1
53913,0,53895,1
53914,0,53896,1
53915,0,53897,1
53916,0,53898,1
53917,0,53899,1
53918,0,53900,1
53919,0,53901,1
53920,0,53902,1
53921,0,53903,1
53922,0,53904,1
53923,0,53905,1
53924,0,53906,1
53925,0,53907,1
53988,0,53985,1
53989,0,53986,1
53990,0,53987,1
53991,0,53983,1
54410,0,54392,1
54411,0,54393,1
54412,0,54394,1
54413,0,54395,1
54414,0,54396,1
54415,0,54397,1
54416,0,54398,1
54417,0,54399,1
54418,0,54400,1
54419,0,54401,1
54420,0,54402,1
54421,0,54403,1
54422,0,54404,1
54423,0,54405,1
54424,0,54406,1
54425,0,54407,1
54426,0,54408,1
54427,0,54409,1
54842,0,54731,1
54843,0,54732,1
54844,0,54733,1
54845,4,54850,10
54845,0,54739,1
54846,0,54754,1
54848,0,54740,1
54849,0,54741,1
54850,0,54742,1
54851,0,54743,1
54852,4,54855,10
54852,0,54745,1
54853,0,54746,1
54854,0,54747,1
54855,0,54748,1
54856,0,54749,1
54857,4,54860,10
54857,0,54750,1
54858,0,54751,1
54859,0,54752,1
54860,0,54753,1
54861,4,54884,10
54861,0,54769,500
54862,4,54885,10
54862,0,54770,500
54863,4,54884,10
54863,0,54771,500
54864,4,54885,10
54864,0,54772,500
54865,4,54886,10
54865,0,54773,500
54866,4,54887,10
54866,0,54774,500
54867,4,54886,10
54867,0,54775,500
54868,4,54887,10
54868,0,54776,500
54869,4,54888,10
54869,0,54777,500
54870,4,54889,10
54870,0,54778,500
54871,4,54888,10
54871,0,54779,500
54872,4,54889,10
54872,0,54780,500
54873,4,54876,10
54873,0,54973,1
54874,0,54974,1
54876,0,54975,1
54884,0,54784,200
54885,0,54781,200
54886,0,54786,200
54887,0,54785,200
54888,0,54783,200
54889,0,54782,200
